{"api_version":"1.0","fname":"00100_RI_81012863_2022-04-13-13-06-954.pdf","original_fname":"00100_RI_81012863.pdf","fields":{"name":"Life Technologies Corporation","shipping-charges":"42.95","invoice-no":"81012863","date":"2022-03-23","tax":"37.65"},"items":[{"instance":1,"values":{"description":"HI FBS, CERT, USA ORIGIN 50 ML","quantity":"6","unit-price":"97.50","line-amount":"585.00"}}],"pages":[{"page_rotation":0,"page_no":0,"width":612.0,"height":792.0,"words":[{"description":"INVOICE","boundingPoly":{"vertices":[{"x":50.0,"y":22.48},{"x":109.41,"y":22.48},{"x":109.41,"y":37.15},{"x":50.0,"y":37.15}]},"line":0,"tag":""},{"description":" ","boundingPoly":{"vertices":[{"x":0.0,"y":0.0},{"x":0.0,"y":0.0},{"x":0.0,"y":0.0},{"x":0.0,"y":0.0}]},"line":-1,"tag":""},{"description":"Please","boundingPoly":{"vertices":[{"x":50.0,"y":37.16},{"x":69.87,"y":37.16},{"x":69.87,"y":44.67},{"x":50.0,"y":44.67}]},"line":1,"tag":""},{"description":"refer","boundingPoly":{"vertices":[{"x":71.68,"y":37.16},{"x":85.04,"y":37.16},{"x":85.04,"y":44.67},{"x":71.68,"y":44.67}]},"line":1,"tag":""},{"description":"to","boundingPoly":{"vertices":[{"x":86.85,"y":37.16},{"x":92.27,"y":37.16},{"x":92.27,"y":44.67},{"x":86.85,"y":44.67}]},"line":1,"tag":""},{"description":"Invoice","boundingPoly":{"vertices":[{"x":94.08,"y":37.16},{"x":114.67,"y":37.16},{"x":114.67,"y":44.67},{"x":94.08,"y":44.67}]},"line":1,"tag":""},{"description":"Number","boundingPoly":{"vertices":[{"x":116.48,"y":37.16},{"x":139.59,"y":37.16},{"x":139.59,"y":44.67},{"x":116.48,"y":44.67}]},"line":1,"tag":""},{"description":"on","boundingPoly":{"vertices":[{"x":141.4,"y":37.16},{"x":148.62,"y":37.16},{"x":148.62,"y":44.67},{"x":141.4,"y":44.67}]},"line":1,"tag":""},{"description":"all","boundingPoly":{"vertices":[{"x":150.43,"y":37.16},{"x":156.93,"y":37.16},{"x":156.93,"y":44.67},{"x":150.43,"y":44.67}]},"line":1,"tag":""},{"description":"payments","boundingPoly":{"vertices":[{"x":158.74,"y":37.16},{"x":186.92,"y":37.16},{"x":186.92,"y":44.67},{"x":158.74,"y":44.67}]},"line":1,"tag":""},{"description":"or","boundingPoly":{"vertices":[{"x":188.72,"y":37.16},{"x":194.5,"y":37.16},{"x":194.5,"y":44.67},{"x":188.72,"y":44.67}]},"line":1,"tag":""},{"description":"correspondence.","boundingPoly":{"vertices":[{"x":196.31,"y":37.16},{"x":244.72,"y":37.16},{"x":244.72,"y":44.67},{"x":196.31,"y":44.67}]},"line":1,"tag":""},{"description":"Life","boundingPoly":{"vertices":[{"x":336.0,"y":30.92},{"x":360.36,"y":30.92},{"x":360.36,"y":43.76},{"x":336.0,"y":43.76}]},"line":1,"tag":"name"},{"description":"Technologies","boundingPoly":{"vertices":[{"x":363.61,"y":30.92},{"x":448.04,"y":30.92},{"x":448.04,"y":43.76},{"x":363.61,"y":43.76}]},"line":1,"tag":"name"},{"description":"Corporation","boundingPoly":{"vertices":[{"x":451.29,"y":30.92},{"x":526.82,"y":30.92},{"x":526.82,"y":43.76},{"x":451.29,"y":43.76}]},"line":1,"tag":"name"},{"description":"Invoice","boundingPoly":{"vertices":[{"x":50.0,"y":53.38},{"x":84.46,"y":53.38},{"x":84.46,"y":65.28},{"x":50.0,"y":65.28}]},"line":2,"tag":""},{"description":"Number:","boundingPoly":{"vertices":[{"x":87.24,"y":53.38},{"x":128.35,"y":53.38},{"x":128.35,"y":65.28},{"x":87.24,"y":65.28}]},"line":2,"tag":""},{"description":"81012863","boundingPoly":{"vertices":[{"x":133.91,"y":53.69},{"x":178.39,"y":53.69},{"x":178.39,"y":65.25},{"x":133.91,"y":65.25}]},"line":2,"tag":"invoice-no"},{"description":"T","boundingPoly":{"vertices":[{"x":336.0,"y":51.24},{"x":340.57,"y":51.24},{"x":340.57,"y":58.58},{"x":336.0,"y":58.58}]},"line":2,"tag":""},{"description":"18009556288","boundingPoly":{"vertices":[{"x":342.42,"y":51.25},{"x":388.36,"y":51.25},{"x":388.36,"y":57.06},{"x":342.42,"y":57.06}]},"line":2,"tag":""},{"description":"Date:","boundingPoly":{"vertices":[{"x":50.0,"y":65.34},{"x":72.5,"y":65.34},{"x":72.5,"y":76.05},{"x":50.0,"y":76.05}]},"line":4,"tag":""},{"description":"03/23/2022","boundingPoly":{"vertices":[{"x":75.0,"y":65.62},{"x":120.04,"y":65.62},{"x":120.04,"y":76.03},{"x":75.0,"y":76.03}]},"line":4,"tag":"date"},{"description":"F","boundingPoly":{"vertices":[{"x":336.0,"y":61.24},{"x":340.72,"y":61.24},{"x":340.72,"y":68.58},{"x":336.0,"y":68.58}]},"line":3,"tag":""},{"description":"18003312286","boundingPoly":{"vertices":[{"x":342.58,"y":61.25},{"x":388.52,"y":61.25},{"x":388.52,"y":67.06},{"x":342.58,"y":67.06}]},"line":3,"tag":""},{"description":" ","boundingPoly":{"vertices":[{"x":0.0,"y":0.0},{"x":0.0,"y":0.0},{"x":0.0,"y":0.0},{"x":0.0,"y":0.0}]},"line":-1,"tag":""},{"description":"thermofisher.com","boundingPoly":{"vertices":[{"x":336.0,"y":71.09},{"x":403.78,"y":71.09},{"x":403.78,"y":77.1},{"x":336.0,"y":77.1}]},"line":4,"tag":""},{"description":"Order","boundingPoly":{"vertices":[{"x":50.0,"y":76.34},{"x":74.51,"y":76.34},{"x":74.51,"y":87.05},{"x":50.0,"y":87.05}]},"line":5,"tag":""},{"description":"Number:","boundingPoly":{"vertices":[{"x":77.01,"y":76.34},{"x":114.01,"y":76.34},{"x":114.01,"y":87.05},{"x":77.01,"y":87.05}]},"line":5,"tag":""},{"description":"77134024","boundingPoly":{"vertices":[{"x":116.51,"y":76.62},{"x":156.54,"y":76.62},{"x":156.54,"y":87.03},{"x":116.51,"y":87.03}]},"line":5,"tag":""},{"description":"SO","boundingPoly":{"vertices":[{"x":159.05,"y":76.62},{"x":172.05,"y":76.62},{"x":172.05,"y":87.03},{"x":159.05,"y":87.03}]},"line":5,"tag":""},{"description":"Tax","boundingPoly":{"vertices":[{"x":336.0,"y":81.25},{"x":348.42,"y":81.25},{"x":348.42,"y":87.06},{"x":336.0,"y":87.06}]},"line":5,"tag":""},{"description":"ID:","boundingPoly":{"vertices":[{"x":350.41,"y":81.25},{"x":360.42,"y":81.25},{"x":360.42,"y":87.06},{"x":350.41,"y":87.06}]},"line":5,"tag":""},{"description":"330373077","boundingPoly":{"vertices":[{"x":362.42,"y":81.25},{"x":400.0,"y":81.25},{"x":400.0,"y":87.06},{"x":362.42,"y":87.06}]},"line":5,"tag":""},{"description":"Order","boundingPoly":{"vertices":[{"x":50.0,"y":87.34},{"x":74.51,"y":87.34},{"x":74.51,"y":98.05},{"x":50.0,"y":98.05}]},"line":6,"tag":""},{"description":"Date:","boundingPoly":{"vertices":[{"x":77.01,"y":87.34},{"x":99.51,"y":87.34},{"x":99.51,"y":98.05},{"x":77.01,"y":98.05}]},"line":6,"tag":""},{"description":"03/23/2022","boundingPoly":{"vertices":[{"x":102.01,"y":87.62},{"x":147.05,"y":87.62},{"x":147.05,"y":98.03},{"x":102.01,"y":98.03}]},"line":6,"tag":""},{"description":" ","boundingPoly":{"vertices":[{"x":0.0,"y":0.0},{"x":0.0,"y":0.0},{"x":0.0,"y":0.0},{"x":0.0,"y":0.0}]},"line":-1,"tag":""},{"description":"Purchase","boundingPoly":{"vertices":[{"x":50.0,"y":98.34},{"x":90.52,"y":98.34},{"x":90.52,"y":109.05},{"x":50.0,"y":109.05}]},"line":7,"tag":""},{"description":"Order","boundingPoly":{"vertices":[{"x":93.02,"y":98.34},{"x":117.53,"y":98.34},{"x":117.53,"y":109.05},{"x":93.02,"y":109.05}]},"line":7,"tag":""},{"description":"Number:","boundingPoly":{"vertices":[{"x":120.03,"y":98.34},{"x":157.03,"y":98.34},{"x":157.03,"y":109.05},{"x":120.03,"y":109.05}]},"line":7,"tag":""},{"description":"PO−M002098","boundingPoly":{"vertices":[{"x":159.53,"y":98.62},{"x":215.31,"y":98.62},{"x":215.31,"y":109.03},{"x":159.53,"y":109.03}]},"line":7,"tag":""},{"description":"Customer","boundingPoly":{"vertices":[{"x":50.0,"y":109.34},{"x":92.0,"y":109.34},{"x":92.0,"y":120.05},{"x":50.0,"y":120.05}]},"line":8,"tag":""},{"description":"Contract/BPA","boundingPoly":{"vertices":[{"x":94.5,"y":109.34},{"x":153.01,"y":109.34},{"x":153.01,"y":120.05},{"x":94.5,"y":120.05}]},"line":8,"tag":""},{"description":"Number:","boundingPoly":{"vertices":[{"x":155.51,"y":109.34},{"x":192.51,"y":109.34},{"x":192.51,"y":120.05},{"x":155.51,"y":120.05}]},"line":8,"tag":""},{"description":"Bill","boundingPoly":{"vertices":[{"x":76.71,"y":134.55},{"x":89.16,"y":134.55},{"x":89.16,"y":144.07},{"x":76.71,"y":144.07}]},"line":9,"tag":""},{"description":"To:","boundingPoly":{"vertices":[{"x":91.38,"y":134.55},{"x":103.65,"y":134.55},{"x":103.65,"y":144.07},{"x":91.38,"y":144.07}]},"line":9,"tag":""},{"description":"70231043","boundingPoly":{"vertices":[{"x":107.82,"y":135.04},{"x":141.18,"y":135.04},{"x":141.18,"y":143.96},{"x":107.82,"y":143.96}]},"line":9,"tag":""},{"description":"Ship","boundingPoly":{"vertices":[{"x":335.05,"y":135.55},{"x":352.39,"y":135.55},{"x":352.39,"y":145.07},{"x":335.05,"y":145.07}]},"line":9,"tag":""},{"description":"To:","boundingPoly":{"vertices":[{"x":354.61,"y":134.59},{"x":367.39,"y":134.59},{"x":367.39,"y":145.3},{"x":354.61,"y":145.3}]},"line":9,"tag":""},{"description":"70708021","boundingPoly":{"vertices":[{"x":372.39,"y":135.55},{"x":407.97,"y":135.55},{"x":407.97,"y":145.07},{"x":372.39,"y":145.07}]},"line":9,"tag":""},{"description":"FLUENT","boundingPoly":{"vertices":[{"x":76.71,"y":152.8},{"x":107.82,"y":152.8},{"x":107.82,"y":162.05},{"x":76.71,"y":162.05}]},"line":10,"tag":""},{"description":"BIOSCIENCES","boundingPoly":{"vertices":[{"x":110.05,"y":152.8},{"x":164.73,"y":152.8},{"x":164.73,"y":162.05},{"x":110.05,"y":162.05}]},"line":10,"tag":""},{"description":"INC","boundingPoly":{"vertices":[{"x":166.95,"y":152.8},{"x":180.73,"y":152.8},{"x":180.73,"y":162.05},{"x":166.95,"y":162.05}]},"line":10,"tag":""},{"description":" ","boundingPoly":{"vertices":[{"x":0.0,"y":0.0},{"x":0.0,"y":0.0},{"x":0.0,"y":0.0},{"x":0.0,"y":0.0}]},"line":-1,"tag":""},{"description":" ","boundingPoly":{"vertices":[{"x":0.0,"y":0.0},{"x":0.0,"y":0.0},{"x":0.0,"y":0.0},{"x":0.0,"y":0.0}]},"line":-1,"tag":""},{"description":"FLUENT","boundingPoly":{"vertices":[{"x":335.05,"y":153.8},{"x":366.16,"y":153.8},{"x":366.16,"y":163.05},{"x":335.05,"y":163.05}]},"line":10,"tag":""},{"description":"BIOSCIENCES","boundingPoly":{"vertices":[{"x":368.39,"y":153.8},{"x":423.07,"y":153.8},{"x":423.07,"y":163.05},{"x":368.39,"y":163.05}]},"line":10,"tag":""},{"description":"INC","boundingPoly":{"vertices":[{"x":425.29,"y":153.8},{"x":439.07,"y":153.8},{"x":439.07,"y":163.05},{"x":425.29,"y":163.05}]},"line":10,"tag":""},{"description":"15","boundingPoly":{"vertices":[{"x":76.71,"y":162.27},{"x":85.05,"y":162.27},{"x":85.05,"y":170.94},{"x":76.71,"y":170.94}]},"line":11,"tag":""},{"description":"PALMER","boundingPoly":{"vertices":[{"x":87.14,"y":162.27},{"x":117.97,"y":162.27},{"x":117.97,"y":170.94},{"x":87.14,"y":170.94}]},"line":11,"tag":""},{"description":"ST","boundingPoly":{"vertices":[{"x":120.06,"y":162.27},{"x":129.65,"y":162.27},{"x":129.65,"y":170.94},{"x":120.06,"y":170.94}]},"line":11,"tag":""},{"description":"−","boundingPoly":{"vertices":[{"x":335.05,"y":162.8},{"x":339.72,"y":162.8},{"x":339.72,"y":172.05},{"x":335.05,"y":172.05}]},"line":11,"tag":""},{"description":"Sepehr","boundingPoly":{"vertices":[{"x":76.71,"y":171.27},{"x":100.89,"y":171.27},{"x":100.89,"y":179.94},{"x":76.71,"y":179.94}]},"line":12,"tag":""},{"description":"Kiani","boundingPoly":{"vertices":[{"x":102.97,"y":171.27},{"x":119.65,"y":171.27},{"x":119.65,"y":179.94},{"x":102.97,"y":179.94}]},"line":12,"tag":""},{"description":"150","boundingPoly":{"vertices":[{"x":335.05,"y":171.8},{"x":348.39,"y":171.8},{"x":348.39,"y":181.05},{"x":335.05,"y":181.05}]},"line":12,"tag":""},{"description":"COOLIDGE","boundingPoly":{"vertices":[{"x":350.62,"y":171.8},{"x":392.85,"y":171.8},{"x":392.85,"y":181.05},{"x":350.62,"y":181.05}]},"line":12,"tag":""},{"description":"AVE","boundingPoly":{"vertices":[{"x":395.07,"y":171.8},{"x":411.08,"y":171.8},{"x":411.08,"y":181.05},{"x":395.07,"y":181.05}]},"line":12,"tag":""},{"description":"WATERTOWN","boundingPoly":{"vertices":[{"x":76.71,"y":180.27},{"x":126.71,"y":180.27},{"x":126.71,"y":188.94},{"x":76.71,"y":188.94}]},"line":13,"tag":""},{"description":"MA","boundingPoly":{"vertices":[{"x":128.79,"y":180.27},{"x":140.04,"y":180.27},{"x":140.04,"y":188.94},{"x":128.79,"y":188.94}]},"line":13,"tag":""},{"description":"02472","boundingPoly":{"vertices":[{"x":142.13,"y":180.27},{"x":162.98,"y":180.27},{"x":162.98,"y":188.94},{"x":142.13,"y":188.94}]},"line":13,"tag":""},{"description":"Cam","boundingPoly":{"vertices":[{"x":335.05,"y":180.8},{"x":351.94,"y":180.8},{"x":351.94,"y":190.05},{"x":335.05,"y":190.05}]},"line":13,"tag":""},{"description":"LaJeunesse","boundingPoly":{"vertices":[{"x":354.16,"y":180.8},{"x":397.3,"y":180.8},{"x":397.3,"y":190.05},{"x":354.16,"y":190.05}]},"line":13,"tag":""},{"description":" ","boundingPoly":{"vertices":[{"x":0.0,"y":0.0},{"x":0.0,"y":0.0},{"x":0.0,"y":0.0},{"x":0.0,"y":0.0}]},"line":-1,"tag":""},{"description":"WATERTOWN","boundingPoly":{"vertices":[{"x":335.05,"y":189.8},{"x":388.38,"y":189.8},{"x":388.38,"y":199.05},{"x":335.05,"y":199.05}]},"line":14,"tag":""},{"description":"MA","boundingPoly":{"vertices":[{"x":390.6,"y":189.8},{"x":402.6,"y":189.8},{"x":402.6,"y":199.05},{"x":390.6,"y":199.05}]},"line":14,"tag":""},{"description":"02472","boundingPoly":{"vertices":[{"x":404.83,"y":189.8},{"x":427.07,"y":189.8},{"x":427.07,"y":199.05},{"x":404.83,"y":199.05}]},"line":14,"tag":""},{"description":"Release","boundingPoly":{"vertices":[{"x":50.0,"y":252.13},{"x":80.24,"y":252.13},{"x":80.24,"y":261.65},{"x":50.0,"y":261.65}]},"line":15,"tag":""},{"description":"Number:","boundingPoly":{"vertices":[{"x":82.46,"y":252.13},{"x":115.35,"y":252.13},{"x":115.35,"y":261.65},{"x":82.46,"y":261.65}]},"line":15,"tag":""},{"description":"PO−M002098","boundingPoly":{"vertices":[{"x":117.57,"y":252.38},{"x":167.16,"y":252.38},{"x":167.16,"y":261.63},{"x":117.57,"y":261.63}]},"line":15,"tag":""},{"description":"Blanket","boundingPoly":{"vertices":[{"x":50.0,"y":264.13},{"x":78.9,"y":264.13},{"x":78.9,"y":273.65},{"x":50.0,"y":273.65}]},"line":16,"tag":""},{"description":"Order","boundingPoly":{"vertices":[{"x":81.12,"y":264.13},{"x":102.9,"y":264.13},{"x":102.9,"y":273.65},{"x":81.12,"y":273.65}]},"line":16,"tag":""},{"description":"Number:","boundingPoly":{"vertices":[{"x":105.13,"y":264.13},{"x":138.02,"y":264.13},{"x":138.02,"y":273.65},{"x":105.13,"y":273.65}]},"line":16,"tag":""},{"description":"Shipper:","boundingPoly":{"vertices":[{"x":323.0,"y":252.13},{"x":355.45,"y":252.13},{"x":355.45,"y":261.65},{"x":323.0,"y":261.65}]},"line":15,"tag":""},{"description":"FEDEX","boundingPoly":{"vertices":[{"x":357.67,"y":252.38},{"x":384.35,"y":252.38},{"x":384.35,"y":261.63},{"x":357.67,"y":261.63}]},"line":15,"tag":""},{"description":"Date","boundingPoly":{"vertices":[{"x":323.0,"y":264.13},{"x":340.34,"y":264.13},{"x":340.34,"y":273.65},{"x":323.0,"y":273.65}]},"line":16,"tag":""},{"description":"Shipped:","boundingPoly":{"vertices":[{"x":342.56,"y":264.13},{"x":376.78,"y":264.13},{"x":376.78,"y":273.65},{"x":342.56,"y":273.65}]},"line":16,"tag":""},{"description":"03/23/2022","boundingPoly":{"vertices":[{"x":379.0,"y":264.38},{"x":419.04,"y":264.38},{"x":419.04,"y":273.63},{"x":379.0,"y":273.63}]},"line":16,"tag":""},{"description":"Line","boundingPoly":{"vertices":[{"x":52.99,"y":291.38},{"x":68.11,"y":291.38},{"x":68.11,"y":300.63},{"x":52.99,"y":300.63}]},"line":17,"tag":""},{"description":"Number","boundingPoly":{"vertices":[{"x":46.33,"y":299.38},{"x":74.78,"y":299.38},{"x":74.78,"y":308.63},{"x":46.33,"y":308.63}]},"line":18,"tag":""},{"description":"Catalog","boundingPoly":{"vertices":[{"x":85.53,"y":291.38},{"x":113.1,"y":291.38},{"x":113.1,"y":300.63},{"x":85.53,"y":300.63}]},"line":17,"tag":""},{"description":"Number","boundingPoly":{"vertices":[{"x":85.09,"y":299.38},{"x":113.54,"y":299.38},{"x":113.54,"y":308.63},{"x":85.09,"y":308.63}]},"line":18,"tag":""},{"description":"Description/","boundingPoly":{"vertices":[{"x":149.79,"y":294.39},{"x":192.02,"y":294.39},{"x":192.02,"y":303.64},{"x":149.79,"y":303.64}]},"line":17,"tag":""},{"description":"ID/","boundingPoly":{"vertices":[{"x":194.25,"y":294.39},{"x":204.47,"y":294.39},{"x":204.47,"y":303.64},{"x":194.25,"y":303.64}]},"line":17,"tag":""},{"description":"Size/","boundingPoly":{"vertices":[{"x":206.69,"y":294.39},{"x":224.48,"y":294.39},{"x":224.48,"y":303.64},{"x":206.69,"y":303.64}]},"line":17,"tag":""},{"description":"Sequence","boundingPoly":{"vertices":[{"x":226.7,"y":294.39},{"x":262.73,"y":294.39},{"x":262.73,"y":303.64},{"x":226.7,"y":303.64}]},"line":17,"tag":""},{"description":"Number/","boundingPoly":{"vertices":[{"x":264.95,"y":294.39},{"x":295.62,"y":294.39},{"x":295.62,"y":303.64},{"x":264.95,"y":303.64}]},"line":17,"tag":""},{"description":"Lot","boundingPoly":{"vertices":[{"x":297.85,"y":294.39},{"x":308.97,"y":294.39},{"x":308.97,"y":303.64},{"x":297.85,"y":303.64}]},"line":17,"tag":""},{"description":"Number/","boundingPoly":{"vertices":[{"x":311.19,"y":294.39},{"x":341.86,"y":294.39},{"x":341.86,"y":303.64},{"x":311.19,"y":303.64}]},"line":17,"tag":""},{"description":"Researcher","boundingPoly":{"vertices":[{"x":344.09,"y":294.39},{"x":385.43,"y":294.39},{"x":385.43,"y":303.64},{"x":344.09,"y":303.64}]},"line":17,"tag":""},{"description":"Name","boundingPoly":{"vertices":[{"x":387.65,"y":294.39},{"x":408.99,"y":294.39},{"x":408.99,"y":303.64},{"x":387.65,"y":303.64}]},"line":17,"tag":""},{"description":"Shipped","boundingPoly":{"vertices":[{"x":443.72,"y":290.7},{"x":473.07,"y":290.7},{"x":473.07,"y":299.95},{"x":443.72,"y":299.95}]},"line":17,"tag":""},{"description":"Quantity","boundingPoly":{"vertices":[{"x":443.5,"y":298.7},{"x":473.29,"y":298.7},{"x":473.29,"y":307.95},{"x":443.5,"y":307.95}]},"line":18,"tag":""},{"description":"Unit","boundingPoly":{"vertices":[{"x":500.39,"y":291.69},{"x":514.61,"y":291.69},{"x":514.61,"y":300.94},{"x":500.39,"y":300.94}]},"line":17,"tag":""},{"description":"Price","boundingPoly":{"vertices":[{"x":498.39,"y":299.69},{"x":516.61,"y":299.69},{"x":516.61,"y":308.94},{"x":498.39,"y":308.94}]},"line":18,"tag":""},{"description":"Extended","boundingPoly":{"vertices":[{"x":541.82,"y":291.69},{"x":575.62,"y":291.69},{"x":575.62,"y":300.94},{"x":541.82,"y":300.94}]},"line":17,"tag":""},{"description":"Price","boundingPoly":{"vertices":[{"x":549.61,"y":299.69},{"x":567.83,"y":299.69},{"x":567.83,"y":308.94},{"x":549.61,"y":308.94}]},"line":18,"tag":""},{"description":"1.000","boundingPoly":{"vertices":[{"x":53.56,"y":315.29},{"x":73.58,"y":315.29},{"x":73.58,"y":324.54},{"x":53.56,"y":324.54}]},"line":19,"tag":""},{"description":"A3840001","boundingPoly":{"vertices":[{"x":79.15,"y":315.29},{"x":115.62,"y":315.29},{"x":115.62,"y":324.54},{"x":79.15,"y":324.54}]},"line":19,"tag":""},{"description":"HI","boundingPoly":{"vertices":[{"x":131.06,"y":315.29},{"x":139.06,"y":315.29},{"x":139.06,"y":324.54},{"x":131.06,"y":324.54}]},"line":19,"tag":"description","instance":1},{"description":"FBS,","boundingPoly":{"vertices":[{"x":141.28,"y":315.29},{"x":159.07,"y":315.29},{"x":159.07,"y":324.54},{"x":141.28,"y":324.54}]},"line":19,"tag":"description","instance":1},{"description":"CERT,","boundingPoly":{"vertices":[{"x":161.29,"y":315.29},{"x":185.29,"y":315.29},{"x":185.29,"y":324.54},{"x":161.29,"y":324.54}]},"line":19,"tag":"description","instance":1},{"description":"USA","boundingPoly":{"vertices":[{"x":187.52,"y":315.29},{"x":203.96,"y":315.29},{"x":203.96,"y":324.54},{"x":187.52,"y":324.54}]},"line":19,"tag":"description","instance":1},{"description":"ORIGIN","boundingPoly":{"vertices":[{"x":206.19,"y":315.29},{"x":234.64,"y":315.29},{"x":234.64,"y":324.54},{"x":206.19,"y":324.54}]},"line":19,"tag":"description","instance":1},{"description":"50","boundingPoly":{"vertices":[{"x":131.06,"y":325.29},{"x":139.96,"y":325.29},{"x":139.96,"y":334.54},{"x":131.06,"y":334.54}]},"line":20,"tag":"description","instance":1},{"description":"ML","boundingPoly":{"vertices":[{"x":142.18,"y":325.29},{"x":153.29,"y":325.29},{"x":153.29,"y":334.54},{"x":142.18,"y":334.54}]},"line":20,"tag":"description","instance":1},{"description":"2393136RP","boundingPoly":{"vertices":[{"x":131.06,"y":335.29},{"x":173.31,"y":335.29},{"x":173.31,"y":344.54},{"x":131.06,"y":344.54}]},"line":21,"tag":""},{"description":"Carrier","boundingPoly":{"vertices":[{"x":130.11,"y":361.53},{"x":154.55,"y":361.53},{"x":154.55,"y":370.78},{"x":130.11,"y":370.78}]},"line":22,"tag":""},{"description":"Shipment","boundingPoly":{"vertices":[{"x":257.37,"y":361.53},{"x":291.16,"y":361.53},{"x":291.16,"y":370.78},{"x":257.37,"y":370.78}]},"line":22,"tag":""},{"description":"Number","boundingPoly":{"vertices":[{"x":293.39,"y":361.53},{"x":321.83,"y":361.53},{"x":321.83,"y":370.78},{"x":293.39,"y":370.78}]},"line":22,"tag":""},{"description":"Tracking","boundingPoly":{"vertices":[{"x":335.1,"y":361.53},{"x":365.77,"y":361.53},{"x":365.77,"y":370.78},{"x":335.1,"y":370.78}]},"line":22,"tag":""},{"description":"Number","boundingPoly":{"vertices":[{"x":368.0,"y":361.53},{"x":396.44,"y":361.53},{"x":396.44,"y":370.78},{"x":368.0,"y":370.78}]},"line":22,"tag":""},{"description":"FEDEX","boundingPoly":{"vertices":[{"x":130.0,"y":374.18},{"x":153.34,"y":374.18},{"x":153.34,"y":382.27},{"x":130.0,"y":382.27}]},"line":23,"tag":""},{"description":"1219646897","boundingPoly":{"vertices":[{"x":262.49,"y":374.25},{"x":306.97,"y":374.25},{"x":306.97,"y":383.5},{"x":262.49,"y":383.5}]},"line":23,"tag":""},{"description":"568921089166","boundingPoly":{"vertices":[{"x":339.34,"y":374.25},{"x":392.72,"y":374.25},{"x":392.72,"y":383.5},{"x":339.34,"y":383.5}]},"line":23,"tag":""},{"description":"DRY","boundingPoly":{"vertices":[{"x":128.95,"y":388.04},{"x":145.84,"y":388.04},{"x":145.84,"y":397.29},{"x":128.95,"y":397.29}]},"line":24,"tag":""},{"description":"/","boundingPoly":{"vertices":[{"x":148.06,"y":388.04},{"x":150.29,"y":388.04},{"x":150.29,"y":397.29},{"x":148.06,"y":397.29}]},"line":24,"tag":""},{"description":"WET","boundingPoly":{"vertices":[{"x":152.51,"y":388.04},{"x":170.29,"y":388.04},{"x":170.29,"y":397.29},{"x":152.51,"y":397.29}]},"line":24,"tag":""},{"description":"ICE","boundingPoly":{"vertices":[{"x":172.51,"y":388.04},{"x":185.85,"y":388.04},{"x":185.85,"y":397.29},{"x":172.51,"y":397.29}]},"line":24,"tag":""},{"description":"CHARGES","boundingPoly":{"vertices":[{"x":188.07,"y":388.04},{"x":227.63,"y":388.04},{"x":227.63,"y":397.29},{"x":188.07,"y":397.29}]},"line":24,"tag":""},{"description":"HANDLING","boundingPoly":{"vertices":[{"x":128.95,"y":403.04},{"x":170.29,"y":403.04},{"x":170.29,"y":412.29},{"x":128.95,"y":412.29}]},"line":25,"tag":""},{"description":"CHARGES","boundingPoly":{"vertices":[{"x":172.51,"y":403.04},{"x":212.07,"y":403.04},{"x":212.07,"y":412.29},{"x":172.51,"y":412.29}]},"line":25,"tag":""},{"description":"−−−−−−−−−−Tax","boundingPoly":{"vertices":[{"x":130.45,"y":448.06},{"x":190.51,"y":448.06},{"x":190.51,"y":457.31},{"x":130.45,"y":457.31}]},"line":26,"tag":""},{"description":"group","boundingPoly":{"vertices":[{"x":192.73,"y":448.06},{"x":213.19,"y":448.06},{"x":213.19,"y":457.31},{"x":192.73,"y":457.31}]},"line":26,"tag":""},{"description":"summary−−−−−−−−−−−","boundingPoly":{"vertices":[{"x":215.41,"y":448.06},{"x":299.69,"y":448.06},{"x":299.69,"y":457.31},{"x":215.41,"y":457.31}]},"line":26,"tag":""},{"description":"Tax","boundingPoly":{"vertices":[{"x":162.71,"y":460.54},{"x":176.05,"y":460.54},{"x":176.05,"y":469.79},{"x":162.71,"y":469.79}]},"line":27,"tag":""},{"description":"Code","boundingPoly":{"vertices":[{"x":178.27,"y":460.54},{"x":197.39,"y":460.54},{"x":197.39,"y":469.79},{"x":178.27,"y":469.79}]},"line":27,"tag":""},{"description":"Description","boundingPoly":{"vertices":[{"x":199.61,"y":460.54},{"x":239.62,"y":460.54},{"x":239.62,"y":469.79},{"x":199.61,"y":469.79}]},"line":27,"tag":""},{"description":"Taxable","boundingPoly":{"vertices":[{"x":271.68,"y":461.61},{"x":300.14,"y":461.61},{"x":300.14,"y":470.86},{"x":271.68,"y":470.86}]},"line":27,"tag":""},{"description":"Amount","boundingPoly":{"vertices":[{"x":302.36,"y":461.61},{"x":329.93,"y":461.61},{"x":329.93,"y":470.86},{"x":302.36,"y":470.86}]},"line":27,"tag":""},{"description":"Tax","boundingPoly":{"vertices":[{"x":337.18,"y":461.2},{"x":350.52,"y":461.2},{"x":350.52,"y":470.45},{"x":337.18,"y":470.45}]},"line":27,"tag":""},{"description":"rate","boundingPoly":{"vertices":[{"x":352.74,"y":461.2},{"x":366.52,"y":461.2},{"x":366.52,"y":470.45},{"x":352.74,"y":470.45}]},"line":27,"tag":""},{"description":"Tax","boundingPoly":{"vertices":[{"x":380.0,"y":461.6},{"x":393.34,"y":461.6},{"x":393.34,"y":470.85},{"x":380.0,"y":470.85}]},"line":27,"tag":""},{"description":"Amount","boundingPoly":{"vertices":[{"x":395.56,"y":461.6},{"x":423.13,"y":461.6},{"x":423.13,"y":470.85},{"x":395.56,"y":470.85}]},"line":27,"tag":""},{"description":"US","boundingPoly":{"vertices":[{"x":129.59,"y":477.72},{"x":140.7,"y":477.72},{"x":140.7,"y":486.97},{"x":129.59,"y":486.97}]},"line":28,"tag":""},{"description":"Export","boundingPoly":{"vertices":[{"x":142.93,"y":477.72},{"x":166.05,"y":477.72},{"x":166.05,"y":486.97},{"x":142.93,"y":486.97}]},"line":28,"tag":""},{"description":"602.50","boundingPoly":{"vertices":[{"x":305.92,"y":476.79},{"x":330.38,"y":476.79},{"x":330.38,"y":486.04},{"x":305.92,"y":486.04}]},"line":28,"tag":""},{"description":"6.250","boundingPoly":{"vertices":[{"x":347.34,"y":476.79},{"x":367.36,"y":476.79},{"x":367.36,"y":486.04},{"x":347.34,"y":486.04}]},"line":28,"tag":""},{"description":"37.65","boundingPoly":{"vertices":[{"x":408.82,"y":476.78},{"x":428.84,"y":476.78},{"x":428.84,"y":486.03},{"x":408.82,"y":486.03}]},"line":28,"tag":""},{"description":"−−−−−−−−−−Credit","boundingPoly":{"vertices":[{"x":129.45,"y":497.84},{"x":197.51,"y":497.84},{"x":197.51,"y":507.09},{"x":129.45,"y":507.09}]},"line":29,"tag":""},{"description":"Card","boundingPoly":{"vertices":[{"x":199.73,"y":497.84},{"x":217.07,"y":497.84},{"x":217.07,"y":507.09},{"x":199.73,"y":507.09}]},"line":29,"tag":""},{"description":"Details−−−−−−−−−−","boundingPoly":{"vertices":[{"x":219.29,"y":497.84},{"x":290.46,"y":497.84},{"x":290.46,"y":507.09},{"x":219.29,"y":507.09}]},"line":29,"tag":""},{"description":"Credit","boundingPoly":{"vertices":[{"x":138.43,"y":508.97},{"x":159.77,"y":508.97},{"x":159.77,"y":518.22},{"x":138.43,"y":518.22}]},"line":30,"tag":""},{"description":"Card","boundingPoly":{"vertices":[{"x":161.99,"y":508.97},{"x":179.33,"y":508.97},{"x":179.33,"y":518.22},{"x":161.99,"y":518.22}]},"line":30,"tag":""},{"description":"Credit","boundingPoly":{"vertices":[{"x":193.0,"y":512.9},{"x":214.34,"y":512.9},{"x":214.34,"y":522.15},{"x":193.0,"y":522.15}]},"line":31,"tag":""},{"description":"Card","boundingPoly":{"vertices":[{"x":216.56,"y":512.9},{"x":233.9,"y":512.9},{"x":233.9,"y":522.15},{"x":216.56,"y":522.15}]},"line":31,"tag":""},{"description":"Number","boundingPoly":{"vertices":[{"x":236.12,"y":512.9},{"x":264.57,"y":512.9},{"x":264.57,"y":522.15},{"x":236.12,"y":522.15}]},"line":31,"tag":""},{"description":"Amount","boundingPoly":{"vertices":[{"x":300.22,"y":512.97},{"x":327.79,"y":512.97},{"x":327.79,"y":522.22},{"x":300.22,"y":522.22}]},"line":31,"tag":""},{"description":"Company","boundingPoly":{"vertices":[{"x":141.76,"y":516.97},{"x":175.99,"y":516.97},{"x":175.99,"y":526.22},{"x":141.76,"y":526.22}]},"line":32,"tag":""},{"description":"VISA","boundingPoly":{"vertices":[{"x":149.08,"y":529.62},{"x":167.31,"y":529.62},{"x":167.31,"y":538.87},{"x":149.08,"y":538.87}]},"line":33,"tag":""},{"description":"xxxxxxxxxxxx8216","boundingPoly":{"vertices":[{"x":193.0,"y":529.62},{"x":258.79,"y":529.62},{"x":258.79,"y":538.87},{"x":193.0,"y":538.87}]},"line":33,"tag":""},{"description":"683","boundingPoly":{"vertices":[{"x":320.66,"y":529.62},{"x":334.0,"y":529.62},{"x":334.0,"y":538.87},{"x":320.66,"y":538.87}]},"line":33,"tag":""},{"description":"6","boundingPoly":{"vertices":[{"x":475.9,"y":315.29},{"x":480.35,"y":315.29},{"x":480.35,"y":324.54},{"x":475.9,"y":324.54}]},"line":19,"tag":"quantity","instance":1},{"description":"97.50","boundingPoly":{"vertices":[{"x":510.67,"y":315.29},{"x":530.69,"y":315.29},{"x":530.69,"y":324.54},{"x":510.67,"y":324.54}]},"line":19,"tag":"unit-price","instance":1},{"description":"585.00","boundingPoly":{"vertices":[{"x":560.44,"y":315.29},{"x":584.9,"y":315.29},{"x":584.9,"y":324.54},{"x":560.44,"y":324.54}]},"line":19,"tag":"line-amount","instance":1},{"description":"17.50","boundingPoly":{"vertices":[{"x":564.88,"y":389.12},{"x":584.9,"y":389.12},{"x":584.9,"y":398.37},{"x":564.88,"y":398.37}]},"line":24,"tag":""},{"description":"42.95","boundingPoly":{"vertices":[{"x":564.88,"y":404.12},{"x":584.9,"y":404.12},{"x":584.9,"y":413.37},{"x":564.88,"y":413.37}]},"line":25,"tag":"shipping-charges"},{"description":"Remit","boundingPoly":{"vertices":[{"x":164.92,"y":621.23},{"x":181.59,"y":621.23},{"x":181.59,"y":628.37},{"x":164.92,"y":628.37}]},"line":34,"tag":""},{"description":"to:","boundingPoly":{"vertices":[{"x":183.26,"y":621.23},{"x":190.92,"y":621.23},{"x":190.92,"y":628.37},{"x":183.26,"y":628.37}]},"line":34,"tag":""},{"description":"Life","boundingPoly":{"vertices":[{"x":192.58,"y":621.23},{"x":203.25,"y":621.23},{"x":203.25,"y":628.37},{"x":192.58,"y":628.37}]},"line":34,"tag":""},{"description":"Technologies","boundingPoly":{"vertices":[{"x":204.92,"y":621.23},{"x":243.59,"y":621.23},{"x":243.59,"y":628.37},{"x":204.92,"y":628.37}]},"line":34,"tag":""},{"description":"Corporation","boundingPoly":{"vertices":[{"x":245.26,"y":621.23},{"x":279.59,"y":621.23},{"x":279.59,"y":628.37},{"x":245.26,"y":628.37}]},"line":34,"tag":""},{"description":"Fuel","boundingPoly":{"vertices":[{"x":441.0,"y":617.55},{"x":456.56,"y":617.55},{"x":456.56,"y":626.8},{"x":441.0,"y":626.8}]},"line":34,"tag":""},{"description":"Surcharge*","boundingPoly":{"vertices":[{"x":458.78,"y":617.55},{"x":498.8,"y":617.55},{"x":498.8,"y":626.8},{"x":458.78,"y":626.8}]},"line":34,"tag":""},{"description":"DOMESTIC","boundingPoly":{"vertices":[{"x":164.92,"y":627.23},{"x":196.59,"y":627.23},{"x":196.59,"y":634.37},{"x":164.92,"y":634.37}]},"line":35,"tag":""},{"description":"WIRES:","boundingPoly":{"vertices":[{"x":198.26,"y":627.23},{"x":219.92,"y":627.23},{"x":219.92,"y":634.37},{"x":198.26,"y":634.37}]},"line":35,"tag":""},{"description":"Bank","boundingPoly":{"vertices":[{"x":221.59,"y":627.41},{"x":235.26,"y":627.41},{"x":235.26,"y":634.35},{"x":221.59,"y":634.35}]},"line":35,"tag":""},{"description":"of","boundingPoly":{"vertices":[{"x":236.93,"y":627.41},{"x":241.93,"y":627.41},{"x":241.93,"y":634.35},{"x":236.93,"y":634.35}]},"line":35,"tag":""},{"description":"America","boundingPoly":{"vertices":[{"x":243.6,"y":627.41},{"x":265.6,"y":627.41},{"x":265.6,"y":634.35},{"x":243.6,"y":634.35}]},"line":35,"tag":""},{"description":"NT","boundingPoly":{"vertices":[{"x":267.27,"y":627.41},{"x":275.27,"y":627.41},{"x":275.27,"y":634.35},{"x":267.27,"y":634.35}]},"line":35,"tag":""},{"description":"&","boundingPoly":{"vertices":[{"x":276.94,"y":627.41},{"x":280.94,"y":627.41},{"x":280.94,"y":634.35},{"x":276.94,"y":634.35}]},"line":35,"tag":""},{"description":"SA,","boundingPoly":{"vertices":[{"x":282.61,"y":627.41},{"x":292.28,"y":627.41},{"x":292.28,"y":634.35},{"x":282.61,"y":634.35}]},"line":35,"tag":""},{"description":"100","boundingPoly":{"vertices":[{"x":293.95,"y":627.41},{"x":303.96,"y":627.41},{"x":303.96,"y":634.35},{"x":293.95,"y":634.35}]},"line":35,"tag":""},{"description":"West","boundingPoly":{"vertices":[{"x":305.62,"y":627.41},{"x":319.29,"y":627.41},{"x":319.29,"y":634.35},{"x":305.62,"y":634.35}]},"line":35,"tag":""},{"description":"33rd,","boundingPoly":{"vertices":[{"x":320.96,"y":627.41},{"x":334.63,"y":627.41},{"x":334.63,"y":634.35},{"x":320.96,"y":634.35}]},"line":35,"tag":""},{"description":"NY,","boundingPoly":{"vertices":[{"x":336.3,"y":627.41},{"x":346.3,"y":627.41},{"x":346.3,"y":634.35},{"x":336.3,"y":634.35}]},"line":35,"tag":""},{"description":"NY","boundingPoly":{"vertices":[{"x":347.97,"y":627.41},{"x":356.31,"y":627.41},{"x":356.31,"y":634.35},{"x":347.97,"y":634.35}]},"line":35,"tag":""},{"description":"10001.","boundingPoly":{"vertices":[{"x":357.97,"y":627.41},{"x":376.32,"y":627.41},{"x":376.32,"y":634.35},{"x":357.97,"y":634.35}]},"line":35,"tag":""},{"description":"ABA:","boundingPoly":{"vertices":[{"x":164.92,"y":633.41},{"x":178.01,"y":633.41},{"x":178.01,"y":640.35},{"x":164.92,"y":640.35}]},"line":36,"tag":""},{"description":"0260−0959−3","boundingPoly":{"vertices":[{"x":179.64,"y":633.41},{"x":215.63,"y":633.41},{"x":215.63,"y":640.35},{"x":179.64,"y":640.35}]},"line":36,"tag":""},{"description":"Account","boundingPoly":{"vertices":[{"x":217.29,"y":633.41},{"x":238.97,"y":633.41},{"x":238.97,"y":640.35},{"x":217.29,"y":640.35}]},"line":36,"tag":""},{"description":"Number:","boundingPoly":{"vertices":[{"x":240.64,"y":633.41},{"x":263.64,"y":633.41},{"x":263.64,"y":640.35},{"x":240.64,"y":640.35}]},"line":36,"tag":""},{"description":"14591.03106","boundingPoly":{"vertices":[{"x":265.31,"y":633.41},{"x":300.34,"y":633.41},{"x":300.34,"y":640.35},{"x":265.31,"y":640.35}]},"line":36,"tag":""},{"description":"Subtotal","boundingPoly":{"vertices":[{"x":441.0,"y":629.55},{"x":470.35,"y":629.55},{"x":470.35,"y":638.8},{"x":441.0,"y":638.8}]},"line":35,"tag":""},{"description":"645.45","boundingPoly":{"vertices":[{"x":560.54,"y":629.55},{"x":585.0,"y":629.55},{"x":585.0,"y":638.8},{"x":560.54,"y":638.8}]},"line":35,"tag":""},{"description":"Customer","boundingPoly":{"vertices":[{"x":42.8,"y":644.43},{"x":77.47,"y":644.43},{"x":77.47,"y":653.68},{"x":42.8,"y":653.68}]},"line":37,"tag":""},{"description":"Name:","boundingPoly":{"vertices":[{"x":79.7,"y":644.43},{"x":103.26,"y":644.43},{"x":103.26,"y":653.68},{"x":79.7,"y":653.68}]},"line":37,"tag":""},{"description":"Sepehr","boundingPoly":{"vertices":[{"x":105.48,"y":644.43},{"x":131.27,"y":644.43},{"x":131.27,"y":653.68},{"x":105.48,"y":653.68}]},"line":37,"tag":""},{"description":"EFT/ACH","boundingPoly":{"vertices":[{"x":164.92,"y":643.23},{"x":190.92,"y":643.23},{"x":190.92,"y":650.37},{"x":164.92,"y":650.37}]},"line":37,"tag":""},{"description":"INSTRUCTIONS:","boundingPoly":{"vertices":[{"x":192.59,"y":643.23},{"x":239.58,"y":643.23},{"x":239.58,"y":650.37},{"x":192.59,"y":650.37}]},"line":37,"tag":""},{"description":"Bank","boundingPoly":{"vertices":[{"x":241.25,"y":643.41},{"x":254.92,"y":643.41},{"x":254.92,"y":650.35},{"x":241.25,"y":650.35}]},"line":37,"tag":""},{"description":"of","boundingPoly":{"vertices":[{"x":256.59,"y":643.41},{"x":261.6,"y":643.41},{"x":261.6,"y":650.35},{"x":256.59,"y":650.35}]},"line":37,"tag":""},{"description":"America","boundingPoly":{"vertices":[{"x":263.26,"y":643.41},{"x":285.27,"y":643.41},{"x":285.27,"y":650.35},{"x":263.26,"y":650.35}]},"line":37,"tag":""},{"description":"NT","boundingPoly":{"vertices":[{"x":286.93,"y":643.41},{"x":294.93,"y":643.41},{"x":294.93,"y":650.35},{"x":286.93,"y":650.35}]},"line":37,"tag":""},{"description":"&","boundingPoly":{"vertices":[{"x":296.6,"y":643.41},{"x":300.6,"y":643.41},{"x":300.6,"y":650.35},{"x":296.6,"y":650.35}]},"line":37,"tag":""},{"description":"SA,","boundingPoly":{"vertices":[{"x":302.27,"y":643.41},{"x":311.94,"y":643.41},{"x":311.94,"y":650.35},{"x":302.27,"y":650.35}]},"line":37,"tag":""},{"description":"San","boundingPoly":{"vertices":[{"x":313.61,"y":643.41},{"x":324.28,"y":643.41},{"x":324.28,"y":650.35},{"x":313.61,"y":650.35}]},"line":37,"tag":""},{"description":"Diego","boundingPoly":{"vertices":[{"x":325.95,"y":643.41},{"x":341.62,"y":643.41},{"x":341.62,"y":650.35},{"x":325.95,"y":650.35}]},"line":37,"tag":""},{"description":"Commercial,450","boundingPoly":{"vertices":[{"x":343.29,"y":643.41},{"x":386.97,"y":643.41},{"x":386.97,"y":650.35},{"x":343.29,"y":650.35}]},"line":37,"tag":""},{"description":"B","boundingPoly":{"vertices":[{"x":388.63,"y":643.41},{"x":392.64,"y":643.41},{"x":392.64,"y":650.35},{"x":388.63,"y":650.35}]},"line":37,"tag":""},{"description":"Street,","boundingPoly":{"vertices":[{"x":394.3,"y":643.41},{"x":411.98,"y":643.41},{"x":411.98,"y":650.35},{"x":394.3,"y":650.35}]},"line":37,"tag":""},{"description":"San","boundingPoly":{"vertices":[{"x":413.65,"y":643.41},{"x":424.32,"y":643.41},{"x":424.32,"y":650.35},{"x":413.65,"y":650.35}]},"line":37,"tag":""},{"description":"Sales","boundingPoly":{"vertices":[{"x":441.0,"y":641.55},{"x":461.01,"y":641.55},{"x":461.01,"y":650.8},{"x":441.0,"y":650.8}]},"line":37,"tag":""},{"description":"Tax","boundingPoly":{"vertices":[{"x":463.23,"y":641.55},{"x":476.57,"y":641.55},{"x":476.57,"y":650.8},{"x":463.23,"y":650.8}]},"line":37,"tag":""},{"description":"Diego,","boundingPoly":{"vertices":[{"x":164.92,"y":649.41},{"x":182.26,"y":649.41},{"x":182.26,"y":656.35},{"x":164.92,"y":656.35}]},"line":38,"tag":""},{"description":"CA,","boundingPoly":{"vertices":[{"x":183.93,"y":649.41},{"x":193.93,"y":649.41},{"x":193.93,"y":656.35},{"x":183.93,"y":656.35}]},"line":38,"tag":""},{"description":"92101.","boundingPoly":{"vertices":[{"x":195.6,"y":649.41},{"x":213.95,"y":649.41},{"x":213.95,"y":656.35},{"x":195.6,"y":656.35}]},"line":38,"tag":""},{"description":"ABA:","boundingPoly":{"vertices":[{"x":215.61,"y":649.41},{"x":229.29,"y":649.41},{"x":229.29,"y":656.35},{"x":215.61,"y":656.35}]},"line":38,"tag":""},{"description":"122−000−661","boundingPoly":{"vertices":[{"x":230.96,"y":649.41},{"x":267.99,"y":649.41},{"x":267.99,"y":656.35},{"x":230.96,"y":656.35}]},"line":38,"tag":""},{"description":"Account","boundingPoly":{"vertices":[{"x":269.66,"y":649.41},{"x":291.33,"y":649.41},{"x":291.33,"y":656.35},{"x":269.66,"y":656.35}]},"line":38,"tag":""},{"description":"Number:","boundingPoly":{"vertices":[{"x":293.0,"y":649.41},{"x":316.01,"y":649.41},{"x":316.01,"y":656.35},{"x":293.0,"y":656.35}]},"line":38,"tag":""},{"description":"1459103106","boundingPoly":{"vertices":[{"x":317.67,"y":649.41},{"x":351.03,"y":649.41},{"x":351.03,"y":656.35},{"x":317.67,"y":656.35}]},"line":38,"tag":""},{"description":"6.25","boundingPoly":{"vertices":[{"x":503.87,"y":641.55},{"x":519.44,"y":641.55},{"x":519.44,"y":650.8},{"x":503.87,"y":650.8}]},"line":37,"tag":""},{"description":"%","boundingPoly":{"vertices":[{"x":523.89,"y":641.55},{"x":531.0,"y":641.55},{"x":531.0,"y":650.8},{"x":523.89,"y":650.8}]},"line":37,"tag":""},{"description":"37.65","boundingPoly":{"vertices":[{"x":564.98,"y":641.55},{"x":585.0,"y":641.55},{"x":585.0,"y":650.8},{"x":564.98,"y":650.8}]},"line":37,"tag":"tax"},{"description":"Kiani","boundingPoly":{"vertices":[{"x":42.8,"y":653.43},{"x":60.58,"y":653.43},{"x":60.58,"y":662.68},{"x":42.8,"y":662.68}]},"line":39,"tag":""},{"description":"Customer","boundingPoly":{"vertices":[{"x":43.74,"y":672.51},{"x":78.41,"y":672.51},{"x":78.41,"y":681.76},{"x":43.74,"y":681.76}]},"line":41,"tag":""},{"description":"Tel.","boundingPoly":{"vertices":[{"x":80.64,"y":672.51},{"x":93.97,"y":672.51},{"x":93.97,"y":681.76},{"x":80.64,"y":681.76}]},"line":41,"tag":""},{"description":"Number:","boundingPoly":{"vertices":[{"x":96.2,"y":672.51},{"x":126.87,"y":672.51},{"x":126.87,"y":681.76},{"x":96.2,"y":681.76}]},"line":41,"tag":""},{"description":"(857)","boundingPoly":{"vertices":[{"x":43.74,"y":681.51},{"x":62.41,"y":681.51},{"x":62.41,"y":690.76},{"x":43.74,"y":690.76}]},"line":42,"tag":""},{"description":"600−0736","boundingPoly":{"vertices":[{"x":64.64,"y":681.51},{"x":100.44,"y":681.51},{"x":100.44,"y":690.76},{"x":64.64,"y":690.76}]},"line":42,"tag":""},{"description":"INTERNATIONAL","boundingPoly":{"vertices":[{"x":164.92,"y":659.23},{"x":213.92,"y":659.23},{"x":213.92,"y":666.37},{"x":164.92,"y":666.37}]},"line":39,"tag":""},{"description":"WIRES:","boundingPoly":{"vertices":[{"x":215.58,"y":659.23},{"x":237.25,"y":659.23},{"x":237.25,"y":666.37},{"x":215.58,"y":666.37}]},"line":39,"tag":""},{"description":"Bank","boundingPoly":{"vertices":[{"x":238.92,"y":659.41},{"x":252.59,"y":659.41},{"x":252.59,"y":666.35},{"x":238.92,"y":666.35}]},"line":39,"tag":""},{"description":"of","boundingPoly":{"vertices":[{"x":254.26,"y":659.41},{"x":259.27,"y":659.41},{"x":259.27,"y":666.35},{"x":254.26,"y":666.35}]},"line":39,"tag":""},{"description":"America","boundingPoly":{"vertices":[{"x":260.93,"y":659.41},{"x":282.94,"y":659.41},{"x":282.94,"y":666.35},{"x":260.93,"y":666.35}]},"line":39,"tag":""},{"description":"NT","boundingPoly":{"vertices":[{"x":284.6,"y":659.41},{"x":292.6,"y":659.41},{"x":292.6,"y":666.35},{"x":284.6,"y":666.35}]},"line":39,"tag":""},{"description":"&","boundingPoly":{"vertices":[{"x":294.27,"y":659.41},{"x":298.27,"y":659.41},{"x":298.27,"y":666.35},{"x":294.27,"y":666.35}]},"line":39,"tag":""},{"description":"SA,","boundingPoly":{"vertices":[{"x":299.94,"y":659.41},{"x":309.61,"y":659.41},{"x":309.61,"y":666.35},{"x":299.94,"y":666.35}]},"line":39,"tag":""},{"description":"100","boundingPoly":{"vertices":[{"x":311.28,"y":659.41},{"x":321.29,"y":659.41},{"x":321.29,"y":666.35},{"x":311.28,"y":666.35}]},"line":39,"tag":""},{"description":"West","boundingPoly":{"vertices":[{"x":322.96,"y":659.41},{"x":336.62,"y":659.41},{"x":336.62,"y":666.35},{"x":322.96,"y":666.35}]},"line":39,"tag":""},{"description":"33rd,","boundingPoly":{"vertices":[{"x":338.29,"y":659.41},{"x":351.97,"y":659.41},{"x":351.97,"y":666.35},{"x":338.29,"y":666.35}]},"line":39,"tag":""},{"description":"NY,","boundingPoly":{"vertices":[{"x":353.63,"y":659.41},{"x":363.64,"y":659.41},{"x":363.64,"y":666.35},{"x":353.63,"y":666.35}]},"line":39,"tag":""},{"description":"NY","boundingPoly":{"vertices":[{"x":365.3,"y":659.41},{"x":373.64,"y":659.41},{"x":373.64,"y":666.35},{"x":365.3,"y":666.35}]},"line":39,"tag":""},{"description":"10001.","boundingPoly":{"vertices":[{"x":375.31,"y":659.41},{"x":393.65,"y":659.41},{"x":393.65,"y":666.35},{"x":375.31,"y":666.35}]},"line":39,"tag":""},{"description":"ABA:","boundingPoly":{"vertices":[{"x":164.92,"y":665.41},{"x":178.59,"y":665.41},{"x":178.59,"y":672.35},{"x":164.92,"y":672.35}]},"line":40,"tag":""},{"description":"1210−0035−8","boundingPoly":{"vertices":[{"x":180.26,"y":665.41},{"x":217.29,"y":665.41},{"x":217.29,"y":672.35},{"x":180.26,"y":672.35}]},"line":40,"tag":""},{"description":".","boundingPoly":{"vertices":[{"x":218.96,"y":665.41},{"x":220.63,"y":665.41},{"x":220.63,"y":672.35},{"x":218.96,"y":672.35}]},"line":40,"tag":""},{"description":"S.W.I.F.T.","boundingPoly":{"vertices":[{"x":222.3,"y":665.41},{"x":249.3,"y":665.41},{"x":249.3,"y":672.35},{"x":222.3,"y":672.35}]},"line":40,"tag":""},{"description":"BOFA","boundingPoly":{"vertices":[{"x":250.97,"y":665.41},{"x":267.31,"y":665.41},{"x":267.31,"y":672.35},{"x":250.97,"y":672.35}]},"line":40,"tag":""},{"description":"US","boundingPoly":{"vertices":[{"x":268.98,"y":665.41},{"x":277.31,"y":665.41},{"x":277.31,"y":672.35},{"x":268.98,"y":672.35}]},"line":40,"tag":""},{"description":"3N","boundingPoly":{"vertices":[{"x":278.98,"y":665.41},{"x":286.65,"y":665.41},{"x":286.65,"y":672.35},{"x":278.98,"y":672.35}]},"line":40,"tag":""},{"description":"Account","boundingPoly":{"vertices":[{"x":288.32,"y":665.41},{"x":309.99,"y":665.41},{"x":309.99,"y":672.35},{"x":288.32,"y":672.35}]},"line":40,"tag":""},{"description":"Number:","boundingPoly":{"vertices":[{"x":311.66,"y":665.41},{"x":334.67,"y":665.41},{"x":334.67,"y":672.35},{"x":311.66,"y":672.35}]},"line":40,"tag":""},{"description":"14591.03106","boundingPoly":{"vertices":[{"x":336.33,"y":665.41},{"x":371.36,"y":665.41},{"x":371.36,"y":672.35},{"x":336.33,"y":672.35}]},"line":40,"tag":""},{"description":"CHECKS","boundingPoly":{"vertices":[{"x":164.92,"y":675.23},{"x":190.25,"y":675.23},{"x":190.25,"y":682.37},{"x":164.92,"y":682.37}]},"line":41,"tag":""},{"description":"−","boundingPoly":{"vertices":[{"x":191.92,"y":675.23},{"x":195.42,"y":675.23},{"x":195.42,"y":682.37},{"x":191.92,"y":682.37}]},"line":41,"tag":""},{"description":"REMITTANCE","boundingPoly":{"vertices":[{"x":197.09,"y":675.23},{"x":236.42,"y":675.23},{"x":236.42,"y":682.37},{"x":197.09,"y":682.37}]},"line":41,"tag":""},{"description":"ADDRESS:","boundingPoly":{"vertices":[{"x":238.09,"y":675.23},{"x":269.42,"y":675.23},{"x":269.42,"y":682.37},{"x":238.09,"y":682.37}]},"line":41,"tag":""},{"description":"Life","boundingPoly":{"vertices":[{"x":271.09,"y":675.41},{"x":280.76,"y":675.41},{"x":280.76,"y":682.35},{"x":271.09,"y":682.35}]},"line":41,"tag":""},{"description":"Technologies,","boundingPoly":{"vertices":[{"x":282.43,"y":675.41},{"x":319.78,"y":675.41},{"x":319.78,"y":682.35},{"x":282.43,"y":682.35}]},"line":41,"tag":""},{"description":"12088","boundingPoly":{"vertices":[{"x":321.45,"y":675.41},{"x":338.13,"y":675.41},{"x":338.13,"y":682.35},{"x":321.45,"y":682.35}]},"line":41,"tag":""},{"description":"Collections","boundingPoly":{"vertices":[{"x":339.79,"y":675.41},{"x":369.13,"y":675.41},{"x":369.13,"y":682.35},{"x":339.79,"y":682.35}]},"line":41,"tag":""},{"description":"Center","boundingPoly":{"vertices":[{"x":370.8,"y":675.41},{"x":388.81,"y":675.41},{"x":388.81,"y":682.35},{"x":370.8,"y":682.35}]},"line":41,"tag":""},{"description":"Dr.,","boundingPoly":{"vertices":[{"x":390.48,"y":675.41},{"x":400.14,"y":675.41},{"x":400.14,"y":682.35},{"x":390.48,"y":682.35}]},"line":41,"tag":""},{"description":"Chicago,","boundingPoly":{"vertices":[{"x":401.81,"y":675.41},{"x":425.49,"y":675.41},{"x":425.49,"y":682.35},{"x":401.81,"y":682.35}]},"line":41,"tag":""},{"description":"IL","boundingPoly":{"vertices":[{"x":164.92,"y":681.41},{"x":169.92,"y":681.41},{"x":169.92,"y":688.35},{"x":164.92,"y":688.35}]},"line":42,"tag":""},{"description":"60693.","boundingPoly":{"vertices":[{"x":171.59,"y":681.41},{"x":189.94,"y":681.41},{"x":189.94,"y":688.35},{"x":171.59,"y":688.35}]},"line":42,"tag":""},{"description":"Prepaid","boundingPoly":{"vertices":[{"x":441.0,"y":654.88},{"x":468.57,"y":654.88},{"x":468.57,"y":664.13},{"x":441.0,"y":664.13}]},"line":39,"tag":""},{"description":"Amount","boundingPoly":{"vertices":[{"x":470.79,"y":654.88},{"x":498.36,"y":654.88},{"x":498.36,"y":664.13},{"x":470.79,"y":664.13}]},"line":39,"tag":""},{"description":"TOTAL","boundingPoly":{"vertices":[{"x":441.0,"y":665.55},{"x":466.78,"y":665.55},{"x":466.78,"y":674.8},{"x":441.0,"y":674.8}]},"line":40,"tag":""},{"description":"AMOUNT","boundingPoly":{"vertices":[{"x":469.01,"y":665.55},{"x":503.67,"y":665.55},{"x":503.67,"y":674.8},{"x":469.01,"y":674.8}]},"line":40,"tag":""},{"description":"USD","boundingPoly":{"vertices":[{"x":513.0,"y":665.55},{"x":529.89,"y":665.55},{"x":529.89,"y":674.8},{"x":513.0,"y":674.8}]},"line":40,"tag":""},{"description":"683.10","boundingPoly":{"vertices":[{"x":560.54,"y":654.88},{"x":585.0,"y":654.88},{"x":585.0,"y":664.13},{"x":560.54,"y":664.13}]},"line":39,"tag":""},{"description":"0.00","boundingPoly":{"vertices":[{"x":569.43,"y":665.55},{"x":585.0,"y":665.55},{"x":585.0,"y":674.8},{"x":569.43,"y":674.8}]},"line":40,"tag":""},{"description":"These","boundingPoly":{"vertices":[{"x":52.0,"y":703.55},{"x":74.23,"y":703.55},{"x":74.23,"y":712.8},{"x":52.0,"y":712.8}]},"line":43,"tag":""},{"description":"commodities,","boundingPoly":{"vertices":[{"x":76.46,"y":703.55},{"x":123.58,"y":703.55},{"x":123.58,"y":712.8},{"x":76.46,"y":712.8}]},"line":43,"tag":""},{"description":"technology,","boundingPoly":{"vertices":[{"x":125.8,"y":703.55},{"x":166.71,"y":703.55},{"x":166.71,"y":712.8},{"x":125.8,"y":712.8}]},"line":43,"tag":""},{"description":"or","boundingPoly":{"vertices":[{"x":168.94,"y":703.55},{"x":176.05,"y":703.55},{"x":176.05,"y":712.8},{"x":168.94,"y":712.8}]},"line":43,"tag":""},{"description":"software","boundingPoly":{"vertices":[{"x":178.27,"y":703.55},{"x":208.5,"y":703.55},{"x":208.5,"y":712.8},{"x":178.27,"y":712.8}]},"line":43,"tag":""},{"description":"were","boundingPoly":{"vertices":[{"x":210.73,"y":703.55},{"x":228.06,"y":703.55},{"x":228.06,"y":712.8},{"x":210.73,"y":712.8}]},"line":43,"tag":""},{"description":"shipped","boundingPoly":{"vertices":[{"x":230.29,"y":703.55},{"x":258.3,"y":703.55},{"x":258.3,"y":712.8},{"x":230.29,"y":712.8}]},"line":43,"tag":""},{"description":"in","boundingPoly":{"vertices":[{"x":260.53,"y":703.55},{"x":266.75,"y":703.55},{"x":266.75,"y":712.8},{"x":260.53,"y":712.8}]},"line":43,"tag":""},{"description":"accordance","boundingPoly":{"vertices":[{"x":268.98,"y":703.55},{"x":310.33,"y":703.55},{"x":310.33,"y":712.8},{"x":268.98,"y":712.8}]},"line":43,"tag":""},{"description":"with","boundingPoly":{"vertices":[{"x":312.55,"y":703.55},{"x":326.78,"y":703.55},{"x":326.78,"y":712.8},{"x":312.55,"y":712.8}]},"line":43,"tag":""},{"description":"the","boundingPoly":{"vertices":[{"x":329.0,"y":703.55},{"x":340.12,"y":703.55},{"x":340.12,"y":712.8},{"x":329.0,"y":712.8}]},"line":43,"tag":""},{"description":"Export","boundingPoly":{"vertices":[{"x":342.34,"y":703.55},{"x":365.46,"y":703.55},{"x":365.46,"y":712.8},{"x":342.34,"y":712.8}]},"line":43,"tag":""},{"description":"Administration","boundingPoly":{"vertices":[{"x":367.69,"y":703.55},{"x":418.37,"y":703.55},{"x":418.37,"y":712.8},{"x":367.69,"y":712.8}]},"line":43,"tag":""},{"description":"regulations.","boundingPoly":{"vertices":[{"x":420.59,"y":703.55},{"x":461.94,"y":703.55},{"x":461.94,"y":712.8},{"x":420.59,"y":712.8}]},"line":43,"tag":""},{"description":"Export,","boundingPoly":{"vertices":[{"x":464.17,"y":703.55},{"x":489.51,"y":703.55},{"x":489.51,"y":712.8},{"x":464.17,"y":712.8}]},"line":43,"tag":""},{"description":"re−export","boundingPoly":{"vertices":[{"x":491.74,"y":703.55},{"x":525.75,"y":703.55},{"x":525.75,"y":712.8},{"x":491.74,"y":712.8}]},"line":43,"tag":""},{"description":"or","boundingPoly":{"vertices":[{"x":527.98,"y":703.55},{"x":535.09,"y":703.55},{"x":535.09,"y":712.8},{"x":527.98,"y":712.8}]},"line":43,"tag":""},{"description":"diversion","boundingPoly":{"vertices":[{"x":52.0,"y":711.55},{"x":84.01,"y":711.55},{"x":84.01,"y":720.8},{"x":52.0,"y":720.8}]},"line":44,"tag":""},{"description":"contrary","boundingPoly":{"vertices":[{"x":86.23,"y":711.55},{"x":115.13,"y":711.55},{"x":115.13,"y":720.8},{"x":86.23,"y":720.8}]},"line":44,"tag":""},{"description":"to","boundingPoly":{"vertices":[{"x":117.35,"y":711.55},{"x":124.02,"y":711.55},{"x":124.02,"y":720.8},{"x":117.35,"y":720.8}]},"line":44,"tag":""},{"description":"U.S.","boundingPoly":{"vertices":[{"x":126.25,"y":711.55},{"x":141.81,"y":711.55},{"x":141.81,"y":720.8},{"x":126.25,"y":720.8}]},"line":44,"tag":""},{"description":"law","boundingPoly":{"vertices":[{"x":144.03,"y":711.55},{"x":156.03,"y":711.55},{"x":156.03,"y":720.8},{"x":144.03,"y":720.8}]},"line":44,"tag":""},{"description":"is","boundingPoly":{"vertices":[{"x":158.26,"y":711.55},{"x":164.03,"y":711.55},{"x":164.03,"y":720.8},{"x":158.26,"y":720.8}]},"line":44,"tag":""},{"description":"prohibited.","boundingPoly":{"vertices":[{"x":166.26,"y":711.55},{"x":203.61,"y":711.55},{"x":203.61,"y":720.8},{"x":166.26,"y":720.8}]},"line":44,"tag":""},{"description":"This","boundingPoly":{"vertices":[{"x":52.0,"y":721.55},{"x":67.11,"y":721.55},{"x":67.11,"y":730.8},{"x":52.0,"y":730.8}]},"line":45,"tag":""},{"description":"is","boundingPoly":{"vertices":[{"x":69.34,"y":721.55},{"x":75.11,"y":721.55},{"x":75.11,"y":730.8},{"x":69.34,"y":730.8}]},"line":45,"tag":""},{"description":"an","boundingPoly":{"vertices":[{"x":77.34,"y":721.55},{"x":86.23,"y":721.55},{"x":86.23,"y":730.8},{"x":77.34,"y":730.8}]},"line":45,"tag":""},{"description":"invoice","boundingPoly":{"vertices":[{"x":88.46,"y":721.55},{"x":113.35,"y":721.55},{"x":113.35,"y":730.8},{"x":88.46,"y":730.8}]},"line":45,"tag":""},{"description":"for","boundingPoly":{"vertices":[{"x":115.58,"y":721.55},{"x":124.91,"y":721.55},{"x":124.91,"y":730.8},{"x":115.58,"y":730.8}]},"line":45,"tag":""},{"description":"products","boundingPoly":{"vertices":[{"x":127.14,"y":721.55},{"x":157.82,"y":721.55},{"x":157.82,"y":730.8},{"x":127.14,"y":730.8}]},"line":45,"tag":""},{"description":"you","boundingPoly":{"vertices":[{"x":160.04,"y":721.55},{"x":172.94,"y":721.55},{"x":172.94,"y":730.8},{"x":160.04,"y":730.8}]},"line":45,"tag":""},{"description":"purchased","boundingPoly":{"vertices":[{"x":175.16,"y":721.55},{"x":212.51,"y":721.55},{"x":212.51,"y":730.8},{"x":175.16,"y":730.8}]},"line":45,"tag":""},{"description":"from","boundingPoly":{"vertices":[{"x":214.74,"y":721.55},{"x":230.74,"y":721.55},{"x":230.74,"y":730.8},{"x":214.74,"y":730.8}]},"line":45,"tag":""},{"description":"Life","boundingPoly":{"vertices":[{"x":232.96,"y":721.55},{"x":245.86,"y":721.55},{"x":245.86,"y":730.8},{"x":232.96,"y":730.8}]},"line":45,"tag":""},{"description":"Technologies","boundingPoly":{"vertices":[{"x":248.08,"y":721.55},{"x":295.66,"y":721.55},{"x":295.66,"y":730.8},{"x":248.08,"y":730.8}]},"line":45,"tag":""},{"description":"Corporation,","boundingPoly":{"vertices":[{"x":297.88,"y":721.55},{"x":341.9,"y":721.55},{"x":341.9,"y":730.8},{"x":297.88,"y":730.8}]},"line":45,"tag":""},{"description":"a","boundingPoly":{"vertices":[{"x":344.12,"y":721.55},{"x":348.57,"y":721.55},{"x":348.57,"y":730.8},{"x":344.12,"y":730.8}]},"line":45,"tag":""},{"description":"Thermo","boundingPoly":{"vertices":[{"x":350.79,"y":721.55},{"x":378.35,"y":721.55},{"x":378.35,"y":730.8},{"x":350.79,"y":730.8}]},"line":45,"tag":""},{"description":"Fisher","boundingPoly":{"vertices":[{"x":380.58,"y":721.55},{"x":402.8,"y":721.55},{"x":402.8,"y":730.8},{"x":380.58,"y":730.8}]},"line":45,"tag":""},{"description":"Scientific","boundingPoly":{"vertices":[{"x":405.02,"y":721.55},{"x":437.03,"y":721.55},{"x":437.03,"y":730.8},{"x":405.02,"y":730.8}]},"line":45,"tag":""},{"description":"company.","boundingPoly":{"vertices":[{"x":439.26,"y":721.55},{"x":473.94,"y":721.55},{"x":473.94,"y":730.8},{"x":439.26,"y":730.8}]},"line":45,"tag":""},{"description":"The","boundingPoly":{"vertices":[{"x":476.16,"y":721.55},{"x":489.94,"y":721.55},{"x":489.94,"y":730.8},{"x":476.16,"y":730.8}]},"line":45,"tag":""},{"description":"terms","boundingPoly":{"vertices":[{"x":492.17,"y":721.55},{"x":512.17,"y":721.55},{"x":512.17,"y":730.8},{"x":492.17,"y":730.8}]},"line":45,"tag":""},{"description":"and","boundingPoly":{"vertices":[{"x":514.39,"y":721.55},{"x":527.74,"y":721.55},{"x":527.74,"y":730.8},{"x":514.39,"y":730.8}]},"line":45,"tag":""},{"description":"conditions","boundingPoly":{"vertices":[{"x":529.96,"y":721.55},{"x":565.98,"y":721.55},{"x":565.98,"y":730.8},{"x":529.96,"y":730.8}]},"line":45,"tag":""},{"description":"that","boundingPoly":{"vertices":[{"x":568.2,"y":721.55},{"x":581.54,"y":721.55},{"x":581.54,"y":730.8},{"x":568.2,"y":730.8}]},"line":45,"tag":""},{"description":"apply","boundingPoly":{"vertices":[{"x":52.0,"y":729.55},{"x":71.12,"y":729.55},{"x":71.12,"y":738.8},{"x":52.0,"y":738.8}]},"line":46,"tag":""},{"description":"to","boundingPoly":{"vertices":[{"x":73.34,"y":729.55},{"x":80.02,"y":729.55},{"x":80.02,"y":738.8},{"x":73.34,"y":738.8}]},"line":46,"tag":""},{"description":"the","boundingPoly":{"vertices":[{"x":82.24,"y":729.55},{"x":93.36,"y":729.55},{"x":93.36,"y":738.8},{"x":82.24,"y":738.8}]},"line":46,"tag":""},{"description":"transactions","boundingPoly":{"vertices":[{"x":95.58,"y":729.55},{"x":138.71,"y":729.55},{"x":138.71,"y":738.8},{"x":95.58,"y":738.8}]},"line":46,"tag":""},{"description":"referred","boundingPoly":{"vertices":[{"x":140.94,"y":729.55},{"x":168.94,"y":729.55},{"x":168.94,"y":738.8},{"x":140.94,"y":738.8}]},"line":46,"tag":""},{"description":"to","boundingPoly":{"vertices":[{"x":171.17,"y":729.55},{"x":177.84,"y":729.55},{"x":177.84,"y":738.8},{"x":171.17,"y":738.8}]},"line":46,"tag":""},{"description":"on","boundingPoly":{"vertices":[{"x":180.06,"y":729.55},{"x":188.96,"y":729.55},{"x":188.96,"y":738.8},{"x":180.06,"y":738.8}]},"line":46,"tag":""},{"description":"this","boundingPoly":{"vertices":[{"x":191.18,"y":729.55},{"x":203.63,"y":729.55},{"x":203.63,"y":738.8},{"x":191.18,"y":738.8}]},"line":46,"tag":""},{"description":"document,","boundingPoly":{"vertices":[{"x":205.86,"y":729.55},{"x":243.21,"y":729.55},{"x":243.21,"y":738.8},{"x":205.86,"y":738.8}]},"line":46,"tag":""},{"description":"unless","boundingPoly":{"vertices":[{"x":245.43,"y":729.55},{"x":268.55,"y":729.55},{"x":268.55,"y":738.8},{"x":245.43,"y":738.8}]},"line":46,"tag":""},{"description":"otherwise","boundingPoly":{"vertices":[{"x":270.78,"y":729.55},{"x":305.01,"y":729.55},{"x":305.01,"y":738.8},{"x":270.78,"y":738.8}]},"line":46,"tag":""},{"description":"agreed","boundingPoly":{"vertices":[{"x":307.23,"y":729.55},{"x":332.14,"y":729.55},{"x":332.14,"y":738.8},{"x":307.23,"y":738.8}]},"line":46,"tag":""},{"description":"to","boundingPoly":{"vertices":[{"x":334.36,"y":729.55},{"x":341.03,"y":729.55},{"x":341.03,"y":738.8},{"x":334.36,"y":738.8}]},"line":46,"tag":""},{"description":"in","boundingPoly":{"vertices":[{"x":343.26,"y":729.55},{"x":349.48,"y":729.55},{"x":349.48,"y":738.8},{"x":343.26,"y":738.8}]},"line":46,"tag":""},{"description":"writing,","boundingPoly":{"vertices":[{"x":351.7,"y":729.55},{"x":377.04,"y":729.55},{"x":377.04,"y":738.8},{"x":351.7,"y":738.8}]},"line":46,"tag":""},{"description":"can","boundingPoly":{"vertices":[{"x":379.26,"y":729.55},{"x":392.16,"y":729.55},{"x":392.16,"y":738.8},{"x":379.26,"y":738.8}]},"line":46,"tag":""},{"description":"be","boundingPoly":{"vertices":[{"x":394.38,"y":729.55},{"x":403.28,"y":729.55},{"x":403.28,"y":738.8},{"x":394.38,"y":738.8}]},"line":46,"tag":""},{"description":"found","boundingPoly":{"vertices":[{"x":405.5,"y":729.55},{"x":425.52,"y":729.55},{"x":425.52,"y":738.8},{"x":405.5,"y":738.8}]},"line":46,"tag":""},{"description":"at","boundingPoly":{"vertices":[{"x":427.74,"y":729.55},{"x":434.42,"y":729.55},{"x":434.42,"y":738.8},{"x":427.74,"y":738.8}]},"line":46,"tag":""},{"description":"www.thermofisher.com/termsandconditions.","boundingPoly":{"vertices":[{"x":436.64,"y":729.55},{"x":591.79,"y":729.55},{"x":591.79,"y":738.8},{"x":436.64,"y":738.8}]},"line":46,"tag":""},{"description":"00100","boundingPoly":{"vertices":[{"x":547.0,"y":756.41},{"x":563.68,"y":756.41},{"x":563.68,"y":763.35},{"x":547.0,"y":763.35}]},"line":47,"tag":""},{"description":"1","boundingPoly":{"vertices":[{"x":574.0,"y":756.41},{"x":577.34,"y":756.41},{"x":577.34,"y":763.35},{"x":574.0,"y":763.35}]},"line":47,"tag":""},{"description":"Page:1","boundingPoly":{"vertices":[{"x":285.38,"y":769.69},{"x":310.28,"y":769.69},{"x":310.28,"y":778.02},{"x":285.38,"y":778.02}]},"line":48,"tag":""},{"description":"of","boundingPoly":{"vertices":[{"x":314.17,"y":769.69},{"x":320.78,"y":769.69},{"x":320.78,"y":778.02},{"x":314.17,"y":778.02}]},"line":48,"tag":""},{"description":"1","boundingPoly":{"vertices":[{"x":324.67,"y":769.9},{"x":328.56,"y":769.9},{"x":328.56,"y":777.99},{"x":324.67,"y":777.99}]},"line":48,"tag":""},{"description":"V−07−12","boundingPoly":{"vertices":[{"x":560.65,"y":769.6},{"x":585.0,"y":769.6},{"x":585.0,"y":776.54},{"x":560.65,"y":776.54}]},"line":48,"tag":""},{"description":"TPAY","boundingPoly":{"vertices":[{"x":292.95,"y":335.6},{"x":479.37,"y":335.6},{"x":479.37,"y":493.6},{"x":292.95,"y":493.6}]},"line":49,"tag":""},{"description":"ONO","boundingPoly":{"vertices":[{"x":165.81,"y":434.4},{"x":332.88,"y":434.4},{"x":332.88,"y":579.36},{"x":165.81,"y":579.36}]},"line":50,"tag":""},{"description":"D","boundingPoly":{"vertices":[{"x":129.9,"y":520.16},{"x":205.74,"y":520.16},{"x":205.74,"y":603.58},{"x":129.9,"y":603.58}]},"line":51,"tag":""}]}]}