{"api_version":"1.0","fname":"SigmaInvoicePO-00001738-555082523_2022-04-13-15-58-051.pdf","original_fname":"SigmaInvoicePO-00001738-555082523.pdf","fields":{"name":"SIGMA-ALDRICH","shipping-charges":"44.23","invoice-no":"555082523","date":"11/04/2021","tax":"48.13"},"items":[{"instance":1,"values":{"description":"BOVINE SERUM ALBUMIN, LYOPHILIZED POWDE& / US / 50288329","quantity":"1","unit-price":"770.00","line-amount":"770.00"}}],"pages":[{"page_rotation":0,"page_no":0,"width":612.0,"height":792.0,"words":[{"description":"FEIN:","boundingPoly":{"vertices":[{"x":34.2,"y":12.7},{"x":57.6,"y":12.7},{"x":57.6,"y":23.41},{"x":34.2,"y":23.41}]},"line":0,"tag":""},{"description":"43-1742718","boundingPoly":{"vertices":[{"x":63.0,"y":12.7},{"x":111.44,"y":12.7},{"x":111.44,"y":23.41},{"x":63.0,"y":23.41}]},"line":0,"tag":""},{"description":"For","boundingPoly":{"vertices":[{"x":241.08,"y":25.91},{"x":252.44,"y":25.91},{"x":252.44,"y":34.24},{"x":241.08,"y":34.24}]},"line":2,"tag":""},{"description":"Credit","boundingPoly":{"vertices":[{"x":254.28,"y":25.91},{"x":274.37,"y":25.91},{"x":274.37,"y":34.24},{"x":254.28,"y":34.24}]},"line":2,"tag":""},{"description":"&","boundingPoly":{"vertices":[{"x":276.36,"y":25.91},{"x":281.41,"y":25.91},{"x":281.41,"y":34.24},{"x":276.36,"y":34.24}]},"line":2,"tag":""},{"description":"Collection","boundingPoly":{"vertices":[{"x":283.32,"y":25.91},{"x":317.12,"y":25.91},{"x":317.12,"y":34.24},{"x":283.32,"y":34.24}]},"line":2,"tag":""},{"description":"inquiries,","boundingPoly":{"vertices":[{"x":319.08,"y":25.91},{"x":350.07,"y":25.91},{"x":350.07,"y":34.24},{"x":319.08,"y":34.24}]},"line":2,"tag":""},{"description":"please","boundingPoly":{"vertices":[{"x":351.96,"y":25.91},{"x":373.61,"y":25.91},{"x":373.61,"y":34.24},{"x":351.96,"y":34.24}]},"line":2,"tag":""},{"description":"contact:","boundingPoly":{"vertices":[{"x":375.48,"y":25.91},{"x":402.77,"y":25.91},{"x":402.77,"y":34.24},{"x":375.48,"y":34.24}]},"line":2,"tag":""},{"description":"ORIGINAL","boundingPoly":{"vertices":[{"x":485.88,"y":17.38},{"x":529.78,"y":17.38},{"x":529.78,"y":28.09},{"x":485.88,"y":28.09}]},"line":1,"tag":""},{"description":"INVOICE","boundingPoly":{"vertices":[{"x":532.32,"y":17.38},{"x":569.28,"y":17.38},{"x":569.28,"y":28.09},{"x":532.32,"y":28.09}]},"line":1,"tag":""},{"description":"Accounts","boundingPoly":{"vertices":[{"x":251.88,"y":34.52},{"x":280.58,"y":34.52},{"x":280.58,"y":42.62},{"x":251.88,"y":42.62}]},"line":4,"tag":""},{"description":"Receivable","boundingPoly":{"vertices":[{"x":282.6,"y":34.52},{"x":316.97,"y":34.52},{"x":316.97,"y":42.62},{"x":282.6,"y":42.62}]},"line":4,"tag":""},{"description":"..............................","boundingPoly":{"vertices":[{"x":318.84,"y":34.52},{"x":376.47,"y":34.52},{"x":376.47,"y":42.62},{"x":318.84,"y":42.62}]},"line":4,"tag":""},{"description":"800-359-0685","boundingPoly":{"vertices":[{"x":377.64,"y":34.52},{"x":420.89,"y":34.52},{"x":420.89,"y":42.62},{"x":377.64,"y":42.62}]},"line":4,"tag":""},{"description":"PAGE","boundingPoly":{"vertices":[{"x":504.24,"y":29.63},{"x":526.62,"y":29.63},{"x":526.62,"y":38.88},{"x":504.24,"y":38.88}]},"line":3,"tag":""},{"description":"1","boundingPoly":{"vertices":[{"x":528.96,"y":29.63},{"x":533.41,"y":29.63},{"x":533.41,"y":38.88},{"x":528.96,"y":38.88}]},"line":3,"tag":""},{"description":"OF","boundingPoly":{"vertices":[{"x":535.68,"y":29.63},{"x":546.81,"y":29.63},{"x":546.81,"y":38.88},{"x":535.68,"y":38.88}]},"line":3,"tag":""},{"description":"1","boundingPoly":{"vertices":[{"x":549.12,"y":29.63},{"x":553.57,"y":29.63},{"x":553.57,"y":38.88},{"x":549.12,"y":38.88}]},"line":3,"tag":""},{"description":"sigmaar@sial.com","boundingPoly":{"vertices":[{"x":377.64,"y":42.68},{"x":435.79,"y":42.68},{"x":435.79,"y":50.78},{"x":377.64,"y":50.78}]},"line":5,"tag":""},{"description":"INVOICE","boundingPoly":{"vertices":[{"x":493.8,"y":41.74},{"x":526.02,"y":41.74},{"x":526.02,"y":51.26},{"x":493.8,"y":51.26}]},"line":5,"tag":""},{"description":"NUMBER","boundingPoly":{"vertices":[{"x":528.12,"y":41.74},{"x":562.7,"y":41.74},{"x":562.7,"y":51.26},{"x":528.12,"y":51.26}]},"line":5,"tag":""},{"description":"3050","boundingPoly":{"vertices":[{"x":34.2,"y":54.89},{"x":47.62,"y":54.89},{"x":47.62,"y":61.83},{"x":34.2,"y":61.83}]},"line":6,"tag":""},{"description":"SPRUCE","boundingPoly":{"vertices":[{"x":49.32,"y":54.89},{"x":74.44,"y":54.89},{"x":74.44,"y":61.83},{"x":49.32,"y":61.83}]},"line":6,"tag":""},{"description":"STREET","boundingPoly":{"vertices":[{"x":76.2,"y":54.89},{"x":99.79,"y":54.89},{"x":99.79,"y":61.83},{"x":76.2,"y":61.83}]},"line":6,"tag":""},{"description":"ST.","boundingPoly":{"vertices":[{"x":34.2,"y":61.85},{"x":43.31,"y":61.85},{"x":43.31,"y":68.79},{"x":34.2,"y":68.79}]},"line":7,"tag":""},{"description":"LOUIS,","boundingPoly":{"vertices":[{"x":45.0,"y":61.85},{"x":64.43,"y":61.85},{"x":64.43,"y":68.79},{"x":45.0,"y":68.79}]},"line":7,"tag":""},{"description":"MO","boundingPoly":{"vertices":[{"x":66.12,"y":61.85},{"x":75.83,"y":61.85},{"x":75.83,"y":68.79},{"x":66.12,"y":68.79}]},"line":7,"tag":""},{"description":"63103","boundingPoly":{"vertices":[{"x":77.4,"y":61.85},{"x":94.18,"y":61.85},{"x":94.18,"y":68.79},{"x":77.4,"y":68.79}]},"line":7,"tag":""},{"description":"BILL","boundingPoly":{"vertices":[{"x":43.56,"y":107.5},{"x":63.46,"y":107.5},{"x":63.46,"y":118.21},{"x":43.56,"y":118.21}]},"line":13,"tag":""},{"description":"TO","boundingPoly":{"vertices":[{"x":66.12,"y":107.5},{"x":78.64,"y":107.5},{"x":78.64,"y":118.21},{"x":66.12,"y":118.21}]},"line":13,"tag":""},{"description":"9683:1/1:","boundingPoly":{"vertices":[{"x":153.96,"y":103.61},{"x":180.83,"y":103.61},{"x":180.83,"y":110.55},{"x":153.96,"y":110.55}]},"line":12,"tag":""},{"description":"9684","boundingPoly":{"vertices":[{"x":184.2,"y":103.61},{"x":197.62,"y":103.61},{"x":197.62,"y":110.55},{"x":184.2,"y":110.55}]},"line":12,"tag":""},{"description":"(DI)","boundingPoly":{"vertices":[{"x":201.0,"y":103.61},{"x":211.04,"y":103.61},{"x":211.04,"y":110.55},{"x":201.0,"y":110.55}]},"line":12,"tag":""},{"description":"555082523","boundingPoly":{"vertices":[{"x":153.96,"y":110.45},{"x":184.18,"y":110.45},{"x":184.18,"y":117.39},{"x":153.96,"y":117.39}]},"line":13,"tag":""},{"description":"FLUENT","boundingPoly":{"vertices":[{"x":66.6,"y":146.5},{"x":98.25,"y":146.5},{"x":98.25,"y":156.02},{"x":66.6,"y":156.02}]},"line":19,"tag":""},{"description":"BIOSCIENCES","boundingPoly":{"vertices":[{"x":100.44,"y":146.5},{"x":155.82,"y":146.5},{"x":155.82,"y":156.02},{"x":100.44,"y":156.02}]},"line":19,"tag":""},{"description":"15","boundingPoly":{"vertices":[{"x":66.6,"y":156.1},{"x":75.49,"y":156.1},{"x":75.49,"y":165.62},{"x":66.6,"y":165.62}]},"line":20,"tag":""},{"description":"PALMER","boundingPoly":{"vertices":[{"x":77.76,"y":156.1},{"x":111.5,"y":156.1},{"x":111.5,"y":165.62},{"x":77.76,"y":165.62}]},"line":20,"tag":""},{"description":"ST","boundingPoly":{"vertices":[{"x":113.76,"y":156.1},{"x":124.05,"y":156.1},{"x":124.05,"y":165.62},{"x":113.76,"y":165.62}]},"line":20,"tag":""},{"description":"WATERTOWN","boundingPoly":{"vertices":[{"x":66.6,"y":165.7},{"x":120.38,"y":165.7},{"x":120.38,"y":175.22},{"x":66.6,"y":175.22}]},"line":21,"tag":""},{"description":"MA","boundingPoly":{"vertices":[{"x":122.64,"y":165.7},{"x":135.26,"y":165.7},{"x":135.26,"y":175.22},{"x":122.64,"y":175.22}]},"line":21,"tag":""},{"description":"02472-2757","boundingPoly":{"vertices":[{"x":137.16,"y":165.7},{"x":179.77,"y":165.7},{"x":179.77,"y":175.22},{"x":137.16,"y":175.22}]},"line":21,"tag":""},{"description":"CONTACT:","boundingPoly":{"vertices":[{"x":19.2,"y":245.87},{"x":60.18,"y":245.87},{"x":60.18,"y":255.12},{"x":19.2,"y":255.12}]},"line":29,"tag":""},{"description":"Sepehr","boundingPoly":{"vertices":[{"x":64.8,"y":245.87},{"x":90.62,"y":245.87},{"x":90.62,"y":255.12},{"x":64.8,"y":255.12}]},"line":29,"tag":""},{"description":"Kiani","boundingPoly":{"vertices":[{"x":92.88,"y":245.87},{"x":110.74,"y":245.87},{"x":110.74,"y":255.12},{"x":92.88,"y":255.12}]},"line":29,"tag":""},{"description":"857-600-0736","boundingPoly":{"vertices":[{"x":163.2,"y":245.87},{"x":212.89,"y":245.87},{"x":212.89,"y":255.12},{"x":163.2,"y":255.12}]},"line":29,"tag":""},{"description":"Information","boundingPoly":{"vertices":[{"x":241.8,"y":13.9},{"x":285.09,"y":13.9},{"x":285.09,"y":23.42},{"x":241.8,"y":23.42}]},"line":0,"tag":""},{"description":"All","boundingPoly":{"vertices":[{"x":241.08,"y":50.63},{"x":249.51,"y":50.63},{"x":249.51,"y":58.96},{"x":241.08,"y":58.96}]},"line":6,"tag":""},{"description":"other","boundingPoly":{"vertices":[{"x":251.4,"y":50.63},{"x":269.0,"y":50.63},{"x":269.0,"y":58.96},{"x":251.4,"y":58.96}]},"line":6,"tag":""},{"description":"inquiries,","boundingPoly":{"vertices":[{"x":270.84,"y":50.63},{"x":301.83,"y":50.63},{"x":301.83,"y":58.96},{"x":270.84,"y":58.96}]},"line":6,"tag":""},{"description":"please","boundingPoly":{"vertices":[{"x":303.72,"y":50.63},{"x":325.37,"y":50.63},{"x":325.37,"y":58.96},{"x":303.72,"y":58.96}]},"line":6,"tag":""},{"description":"contact:","boundingPoly":{"vertices":[{"x":327.24,"y":50.63},{"x":354.53,"y":50.63},{"x":354.53,"y":58.96},{"x":327.24,"y":58.96}]},"line":6,"tag":""},{"description":"Customer","boundingPoly":{"vertices":[{"x":251.88,"y":59.24},{"x":282.29,"y":59.24},{"x":282.29,"y":67.33},{"x":251.88,"y":67.33}]},"line":7,"tag":""},{"description":"Support","boundingPoly":{"vertices":[{"x":284.28,"y":59.24},{"x":308.55,"y":59.24},{"x":308.55,"y":67.33},{"x":284.28,"y":67.33}]},"line":7,"tag":""},{"description":"..................................","boundingPoly":{"vertices":[{"x":310.44,"y":59.24},{"x":375.75,"y":59.24},{"x":375.75,"y":67.33},{"x":310.44,"y":67.33}]},"line":7,"tag":""},{"description":"800-325-3010","boundingPoly":{"vertices":[{"x":377.64,"y":59.24},{"x":420.89,"y":59.24},{"x":420.89,"y":67.33},{"x":377.64,"y":67.33}]},"line":7,"tag":""},{"description":"custserv@sial.com","boundingPoly":{"vertices":[{"x":377.64,"y":67.4},{"x":436.51,"y":67.4},{"x":436.51,"y":75.5},{"x":377.64,"y":75.5}]},"line":8,"tag":""},{"description":"Technical","boundingPoly":{"vertices":[{"x":251.88,"y":75.56},{"x":282.23,"y":75.56},{"x":282.23,"y":83.65},{"x":251.88,"y":83.65}]},"line":9,"tag":""},{"description":"Service","boundingPoly":{"vertices":[{"x":284.28,"y":75.56},{"x":307.37,"y":75.56},{"x":307.37,"y":83.65},{"x":284.28,"y":83.65}]},"line":9,"tag":""},{"description":"...................................","boundingPoly":{"vertices":[{"x":309.24,"y":75.56},{"x":376.47,"y":75.56},{"x":376.47,"y":83.65},{"x":309.24,"y":83.65}]},"line":9,"tag":""},{"description":"800-325-5832","boundingPoly":{"vertices":[{"x":377.64,"y":75.56},{"x":420.89,"y":75.56},{"x":420.89,"y":83.65},{"x":377.64,"y":83.65}]},"line":9,"tag":""},{"description":"techserv@sial.com","boundingPoly":{"vertices":[{"x":377.64,"y":83.72},{"x":436.75,"y":83.72},{"x":436.75,"y":91.82},{"x":377.64,"y":91.82}]},"line":10,"tag":""},{"description":"Phone","boundingPoly":{"vertices":[{"x":251.88,"y":91.88},{"x":271.85,"y":91.88},{"x":271.85,"y":99.97},{"x":251.88,"y":99.97}]},"line":11,"tag":""},{"description":"collect","boundingPoly":{"vertices":[{"x":273.72,"y":91.88},{"x":293.91,"y":91.88},{"x":293.91,"y":99.97},{"x":273.72,"y":99.97}]},"line":11,"tag":""},{"description":"worldwide","boundingPoly":{"vertices":[{"x":295.8,"y":91.88},{"x":327.05,"y":91.88},{"x":327.05,"y":99.97},{"x":295.8,"y":99.97}]},"line":11,"tag":""},{"description":".........................314-771-5750","boundingPoly":{"vertices":[{"x":328.92,"y":91.88},{"x":420.89,"y":91.88},{"x":420.89,"y":99.97},{"x":328.92,"y":99.97}]},"line":11,"tag":""},{"description":"SHIP","boundingPoly":{"vertices":[{"x":299.76,"y":107.5},{"x":320.64,"y":107.5},{"x":320.64,"y":118.21},{"x":299.76,"y":118.21}]},"line":13,"tag":""},{"description":"TO","boundingPoly":{"vertices":[{"x":323.28,"y":107.5},{"x":335.8,"y":107.5},{"x":335.8,"y":118.21},{"x":323.28,"y":118.21}]},"line":13,"tag":""},{"description":"FLUENT","boundingPoly":{"vertices":[{"x":309.84,"y":119.6},{"x":336.92,"y":119.6},{"x":336.92,"y":127.69},{"x":309.84,"y":127.69}]},"line":15,"tag":""},{"description":"BIOSCIENCES","boundingPoly":{"vertices":[{"x":338.88,"y":119.6},{"x":386.39,"y":119.6},{"x":386.39,"y":127.69},{"x":338.88,"y":127.69}]},"line":15,"tag":""},{"description":"Cam","boundingPoly":{"vertices":[{"x":309.84,"y":127.4},{"x":324.55,"y":127.4},{"x":324.55,"y":135.49},{"x":309.84,"y":135.49}]},"line":16,"tag":""},{"description":"LaJeunesse","boundingPoly":{"vertices":[{"x":326.52,"y":127.4},{"x":363.89,"y":127.4},{"x":363.89,"y":135.49},{"x":326.52,"y":135.49}]},"line":16,"tag":""},{"description":"SUITE","boundingPoly":{"vertices":[{"x":309.84,"y":135.2},{"x":330.35,"y":135.2},{"x":330.35,"y":143.29},{"x":309.84,"y":143.29}]},"line":17,"tag":""},{"description":"140","boundingPoly":{"vertices":[{"x":332.28,"y":135.2},{"x":343.85,"y":135.2},{"x":343.85,"y":143.29},{"x":332.28,"y":143.29}]},"line":17,"tag":""},{"description":"200","boundingPoly":{"vertices":[{"x":309.84,"y":143.0},{"x":321.41,"y":143.0},{"x":321.41,"y":151.1},{"x":309.84,"y":151.1}]},"line":18,"tag":""},{"description":"DEXTER","boundingPoly":{"vertices":[{"x":323.28,"y":143.0},{"x":351.49,"y":143.0},{"x":351.49,"y":151.1},{"x":323.28,"y":151.1}]},"line":18,"tag":""},{"description":"AVE","boundingPoly":{"vertices":[{"x":353.4,"y":143.0},{"x":367.43,"y":143.0},{"x":367.43,"y":151.1},{"x":353.4,"y":151.1}]},"line":18,"tag":""},{"description":"WATERTOWN","boundingPoly":{"vertices":[{"x":309.84,"y":150.8},{"x":357.25,"y":150.8},{"x":357.25,"y":158.9},{"x":309.84,"y":158.9}]},"line":19,"tag":""},{"description":"MA","boundingPoly":{"vertices":[{"x":359.16,"y":150.8},{"x":369.47,"y":150.8},{"x":369.47,"y":158.9},{"x":359.16,"y":158.9}]},"line":19,"tag":""},{"description":"02472","boundingPoly":{"vertices":[{"x":371.4,"y":150.8},{"x":390.65,"y":150.8},{"x":390.65,"y":158.9},{"x":371.4,"y":158.9}]},"line":19,"tag":""},{"description":"REMIT","boundingPoly":{"vertices":[{"x":299.76,"y":198.34},{"x":327.58,"y":198.34},{"x":327.58,"y":209.05},{"x":299.76,"y":209.05}]},"line":24,"tag":""},{"description":"PAYMENT","boundingPoly":{"vertices":[{"x":330.24,"y":198.34},{"x":374.14,"y":198.34},{"x":374.14,"y":209.05},{"x":330.24,"y":209.05}]},"line":24,"tag":""},{"description":"TO","boundingPoly":{"vertices":[{"x":376.8,"y":198.34},{"x":389.32,"y":198.34},{"x":389.32,"y":209.05},{"x":376.8,"y":209.05}]},"line":24,"tag":""},{"description":"SIGMA-ALDRICH","boundingPoly":{"vertices":[{"x":309.84,"y":209.63},{"x":366.13,"y":209.63},{"x":366.13,"y":217.96},{"x":309.84,"y":217.96}]},"line":25,"tag":"name"},{"description":"INC.","boundingPoly":{"vertices":[{"x":368.04,"y":209.63},{"x":381.99,"y":209.63},{"x":381.99,"y":217.96},{"x":368.04,"y":217.96}]},"line":25,"tag":""},{"description":"P","boundingPoly":{"vertices":[{"x":309.84,"y":217.79},{"x":314.51,"y":217.79},{"x":314.51,"y":226.12},{"x":309.84,"y":226.12}]},"line":26,"tag":""},{"description":"O","boundingPoly":{"vertices":[{"x":316.44,"y":217.79},{"x":321.89,"y":217.79},{"x":321.89,"y":226.12},{"x":316.44,"y":226.12}]},"line":26,"tag":""},{"description":"BOX","boundingPoly":{"vertices":[{"x":323.76,"y":217.79},{"x":338.87,"y":217.79},{"x":338.87,"y":226.12},{"x":323.76,"y":226.12}]},"line":26,"tag":""},{"description":"535182","boundingPoly":{"vertices":[{"x":340.8,"y":217.79},{"x":363.89,"y":217.79},{"x":363.89,"y":226.12},{"x":340.8,"y":226.12}]},"line":26,"tag":""},{"description":"ATLANTA","boundingPoly":{"vertices":[{"x":309.84,"y":225.95},{"x":342.37,"y":225.95},{"x":342.37,"y":234.28},{"x":309.84,"y":234.28}]},"line":27,"tag":""},{"description":",","boundingPoly":{"vertices":[{"x":344.16,"y":225.95},{"x":346.11,"y":225.95},{"x":346.11,"y":234.28},{"x":344.16,"y":234.28}]},"line":27,"tag":""},{"description":"GA","boundingPoly":{"vertices":[{"x":348.0,"y":225.95},{"x":358.45,"y":225.95},{"x":358.45,"y":234.28},{"x":348.0,"y":234.28}]},"line":27,"tag":""},{"description":"30353-5182","boundingPoly":{"vertices":[{"x":360.24,"y":225.95},{"x":397.13,"y":225.95},{"x":397.13,"y":234.28},{"x":360.24,"y":234.28}]},"line":27,"tag":""},{"description":"All","boundingPoly":{"vertices":[{"x":309.84,"y":234.11},{"x":316.15,"y":234.11},{"x":316.15,"y":240.06},{"x":309.84,"y":240.06}]},"line":28,"tag":""},{"description":"remittances","boundingPoly":{"vertices":[{"x":317.64,"y":234.11},{"x":345.74,"y":234.11},{"x":345.74,"y":240.06},{"x":317.64,"y":240.06}]},"line":28,"tag":""},{"description":"must","boundingPoly":{"vertices":[{"x":347.16,"y":234.11},{"x":359.14,"y":234.11},{"x":359.14,"y":240.06},{"x":347.16,"y":240.06}]},"line":28,"tag":""},{"description":"include","boundingPoly":{"vertices":[{"x":360.6,"y":234.11},{"x":378.38,"y":234.11},{"x":378.38,"y":240.06},{"x":360.6,"y":240.06}]},"line":28,"tag":""},{"description":"the","boundingPoly":{"vertices":[{"x":379.8,"y":234.11},{"x":387.38,"y":234.11},{"x":387.38,"y":240.06},{"x":379.8,"y":240.06}]},"line":28,"tag":""},{"description":"invoice","boundingPoly":{"vertices":[{"x":388.8,"y":234.11},{"x":406.22,"y":234.11},{"x":406.22,"y":240.06},{"x":388.8,"y":240.06}]},"line":28,"tag":""},{"description":"number","boundingPoly":{"vertices":[{"x":407.64,"y":234.11},{"x":426.14,"y":234.11},{"x":426.14,"y":240.06},{"x":407.64,"y":240.06}]},"line":28,"tag":""},{"description":"555082523","boundingPoly":{"vertices":[{"x":508.32,"y":56.14},{"x":548.29,"y":56.14},{"x":548.29,"y":65.66},{"x":508.32,"y":65.66}]},"line":7,"tag":"invoice-no"},{"description":"INVOICE","boundingPoly":{"vertices":[{"x":500.52,"y":70.54},{"x":532.74,"y":70.54},{"x":532.74,"y":80.06},{"x":500.52,"y":80.06}]},"line":8,"tag":""},{"description":"DATE","boundingPoly":{"vertices":[{"x":534.84,"y":70.54},{"x":556.26,"y":70.54},{"x":556.26,"y":80.06},{"x":534.84,"y":80.06}]},"line":8,"tag":""},{"description":"11/04/2021","boundingPoly":{"vertices":[{"x":507.6,"y":84.94},{"x":547.69,"y":84.94},{"x":547.69,"y":94.46},{"x":507.6,"y":94.46}]},"line":10,"tag":"date"},{"description":"TERMS","boundingPoly":{"vertices":[{"x":490.92,"y":99.34},{"x":519.3,"y":99.34},{"x":519.3,"y":108.86},{"x":490.92,"y":108.86}]},"line":12,"tag":""},{"description":"/","boundingPoly":{"vertices":[{"x":521.4,"y":99.34},{"x":523.62,"y":99.34},{"x":523.62,"y":108.86},{"x":521.4,"y":108.86}]},"line":12,"tag":""},{"description":"DUE","boundingPoly":{"vertices":[{"x":525.72,"y":99.34},{"x":542.1,"y":99.34},{"x":542.1,"y":108.86},{"x":525.72,"y":108.86}]},"line":12,"tag":""},{"description":"DATE","boundingPoly":{"vertices":[{"x":544.2,"y":99.34},{"x":565.62,"y":99.34},{"x":565.62,"y":108.86},{"x":544.2,"y":108.86}]},"line":12,"tag":""},{"description":"CREDIT","boundingPoly":{"vertices":[{"x":476.4,"y":113.74},{"x":506.25,"y":113.74},{"x":506.25,"y":123.26},{"x":476.4,"y":123.26}]},"line":14,"tag":""},{"description":"CARD","boundingPoly":{"vertices":[{"x":508.44,"y":113.74},{"x":531.14,"y":113.74},{"x":531.14,"y":123.26},{"x":508.44,"y":123.26}]},"line":14,"tag":""},{"description":"11/04/2021","boundingPoly":{"vertices":[{"x":540.24,"y":113.74},{"x":580.33,"y":113.74},{"x":580.33,"y":123.26},{"x":540.24,"y":123.26}]},"line":14,"tag":""},{"description":"TOTAL","boundingPoly":{"vertices":[{"x":487.56,"y":128.14},{"x":514.05,"y":128.14},{"x":514.05,"y":137.66},{"x":487.56,"y":137.66}]},"line":16,"tag":""},{"description":"AMOUNT","boundingPoly":{"vertices":[{"x":516.12,"y":128.14},{"x":550.53,"y":128.14},{"x":550.53,"y":137.66},{"x":516.12,"y":137.66}]},"line":16,"tag":""},{"description":"DUE","boundingPoly":{"vertices":[{"x":552.84,"y":128.14},{"x":569.22,"y":128.14},{"x":569.22,"y":137.66},{"x":552.84,"y":137.66}]},"line":16,"tag":""},{"description":"$0.00","boundingPoly":{"vertices":[{"x":507.6,"y":142.54},{"x":527.65,"y":142.54},{"x":527.65,"y":152.06},{"x":507.6,"y":152.06}]},"line":18,"tag":""},{"description":"USD","boundingPoly":{"vertices":[{"x":532.2,"y":142.79},{"x":549.14,"y":142.79},{"x":549.14,"y":152.04},{"x":532.2,"y":152.04}]},"line":18,"tag":""},{"description":"SOLD","boundingPoly":{"vertices":[{"x":468.6,"y":156.94},{"x":490.46,"y":156.94},{"x":490.46,"y":166.46},{"x":468.6,"y":166.46}]},"line":20,"tag":""},{"description":"TO","boundingPoly":{"vertices":[{"x":492.36,"y":156.94},{"x":503.62,"y":156.94},{"x":503.62,"y":166.46},{"x":492.36,"y":166.46}]},"line":20,"tag":""},{"description":"CUSTOMER","boundingPoly":{"vertices":[{"x":505.56,"y":156.94},{"x":551.18,"y":156.94},{"x":551.18,"y":166.46},{"x":505.56,"y":166.46}]},"line":20,"tag":""},{"description":"NUMBER","boundingPoly":{"vertices":[{"x":553.32,"y":156.94},{"x":587.9,"y":156.94},{"x":587.9,"y":166.46},{"x":553.32,"y":166.46}]},"line":20,"tag":""},{"description":"50246293","boundingPoly":{"vertices":[{"x":510.6,"y":171.34},{"x":546.13,"y":171.34},{"x":546.13,"y":180.86},{"x":510.6,"y":180.86}]},"line":22,"tag":""},{"description":"PURCHASE","boundingPoly":{"vertices":[{"x":472.92,"y":185.74},{"x":516.66,"y":185.74},{"x":516.66,"y":195.26},{"x":472.92,"y":195.26}]},"line":23,"tag":""},{"description":"ORDER","boundingPoly":{"vertices":[{"x":518.76,"y":185.74},{"x":547.1,"y":185.74},{"x":547.1,"y":195.26},{"x":518.76,"y":195.26}]},"line":23,"tag":""},{"description":"NUMBER","boundingPoly":{"vertices":[{"x":549.24,"y":185.74},{"x":583.82,"y":185.74},{"x":583.82,"y":195.26},{"x":549.24,"y":195.26}]},"line":23,"tag":""},{"description":"PO-00001738","boundingPoly":{"vertices":[{"x":503.4,"y":207.22},{"x":553.21,"y":207.22},{"x":553.21,"y":216.74},{"x":503.4,"y":216.74}]},"line":25,"tag":""},{"description":"INTERNAL","boundingPoly":{"vertices":[{"x":474.84,"y":228.7},{"x":514.53,"y":228.7},{"x":514.53,"y":238.22},{"x":474.84,"y":238.22}]},"line":27,"tag":""},{"description":"ORDER","boundingPoly":{"vertices":[{"x":516.6,"y":228.7},{"x":544.94,"y":228.7},{"x":544.94,"y":238.22},{"x":516.6,"y":238.22}]},"line":27,"tag":""},{"description":"NUMBER","boundingPoly":{"vertices":[{"x":547.08,"y":228.7},{"x":581.66,"y":228.7},{"x":581.66,"y":238.22},{"x":547.08,"y":238.22}]},"line":27,"tag":""},{"description":"3028194567","boundingPoly":{"vertices":[{"x":506.16,"y":243.1},{"x":550.57,"y":243.1},{"x":550.57,"y":252.62},{"x":506.16,"y":252.62}]},"line":29,"tag":""},{"description":"Material","boundingPoly":{"vertices":[{"x":32.04,"y":264.94},{"x":62.1,"y":264.94},{"x":62.1,"y":274.46},{"x":32.04,"y":274.46}]},"line":30,"tag":""},{"description":"No.","boundingPoly":{"vertices":[{"x":64.2,"y":264.94},{"x":76.74,"y":264.94},{"x":76.74,"y":274.46},{"x":64.2,"y":274.46}]},"line":30,"tag":""},{"description":"Description","boundingPoly":{"vertices":[{"x":96.0,"y":264.94},{"x":139.05,"y":264.94},{"x":139.05,"y":274.46},{"x":96.0,"y":274.46}]},"line":30,"tag":""},{"description":"Shipped","boundingPoly":{"vertices":[{"x":329.16,"y":264.94},{"x":360.21,"y":264.94},{"x":360.21,"y":274.46},{"x":329.16,"y":274.46}]},"line":30,"tag":""},{"description":"from","boundingPoly":{"vertices":[{"x":362.28,"y":264.94},{"x":379.95,"y":264.94},{"x":379.95,"y":274.46},{"x":362.28,"y":274.46}]},"line":30,"tag":""},{"description":"Delivery","boundingPoly":{"vertices":[{"x":381.96,"y":264.94},{"x":412.57,"y":264.94},{"x":412.57,"y":274.46},{"x":381.96,"y":274.46}]},"line":30,"tag":""},{"description":"No.","boundingPoly":{"vertices":[{"x":414.84,"y":264.94},{"x":427.38,"y":264.94},{"x":427.38,"y":274.46},{"x":414.84,"y":274.46}]},"line":30,"tag":""},{"description":"Quantity","boundingPoly":{"vertices":[{"x":436.56,"y":264.94},{"x":468.37,"y":264.94},{"x":468.37,"y":274.46},{"x":436.56,"y":274.46}]},"line":30,"tag":""},{"description":"UOM","boundingPoly":{"vertices":[{"x":478.56,"y":264.94},{"x":496.74,"y":264.94},{"x":496.74,"y":274.46},{"x":478.56,"y":274.46}]},"line":30,"tag":""},{"description":"Unit","boundingPoly":{"vertices":[{"x":513.84,"y":264.94},{"x":528.98,"y":264.94},{"x":528.98,"y":274.46},{"x":513.84,"y":274.46}]},"line":30,"tag":""},{"description":"Extended","boundingPoly":{"vertices":[{"x":551.4,"y":264.94},{"x":586.77,"y":264.94},{"x":586.77,"y":274.46},{"x":551.4,"y":274.46}]},"line":30,"tag":""},{"description":"Batch","boundingPoly":{"vertices":[{"x":38.52,"y":274.3},{"x":60.21,"y":274.3},{"x":60.21,"y":283.82},{"x":38.52,"y":283.82}]},"line":31,"tag":""},{"description":"No.","boundingPoly":{"vertices":[{"x":62.28,"y":274.3},{"x":74.82,"y":274.3},{"x":74.82,"y":283.82},{"x":62.28,"y":283.82}]},"line":31,"tag":""},{"description":"HTS","boundingPoly":{"vertices":[{"x":100.32,"y":274.3},{"x":116.22,"y":274.3},{"x":116.22,"y":283.82},{"x":100.32,"y":283.82}]},"line":31,"tag":""},{"description":"Code","boundingPoly":{"vertices":[{"x":118.32,"y":274.3},{"x":138.13,"y":274.3},{"x":138.13,"y":283.82},{"x":118.32,"y":283.82}]},"line":31,"tag":""},{"description":"/","boundingPoly":{"vertices":[{"x":140.16,"y":274.3},{"x":142.38,"y":274.3},{"x":142.38,"y":283.82},{"x":140.16,"y":283.82}]},"line":31,"tag":""},{"description":"Country","boundingPoly":{"vertices":[{"x":144.48,"y":274.3},{"x":174.85,"y":274.3},{"x":174.85,"y":283.82},{"x":144.48,"y":283.82}]},"line":31,"tag":""},{"description":"of","boundingPoly":{"vertices":[{"x":177.12,"y":274.3},{"x":184.58,"y":274.3},{"x":184.58,"y":283.82},{"x":177.12,"y":283.82}]},"line":31,"tag":""},{"description":"Origin","boundingPoly":{"vertices":[{"x":186.72,"y":274.3},{"x":209.85,"y":274.3},{"x":209.85,"y":283.82},{"x":186.72,"y":283.82}]},"line":31,"tag":""},{"description":"/","boundingPoly":{"vertices":[{"x":211.92,"y":274.3},{"x":214.14,"y":274.3},{"x":214.14,"y":283.82},{"x":211.92,"y":283.82}]},"line":31,"tag":""},{"description":"Ship","boundingPoly":{"vertices":[{"x":216.24,"y":274.3},{"x":233.37,"y":274.3},{"x":233.37,"y":283.82},{"x":216.24,"y":283.82}]},"line":31,"tag":""},{"description":"To","boundingPoly":{"vertices":[{"x":235.44,"y":274.3},{"x":245.37,"y":274.3},{"x":245.37,"y":283.82},{"x":235.44,"y":283.82}]},"line":31,"tag":""},{"description":"Customer","boundingPoly":{"vertices":[{"x":247.44,"y":274.3},{"x":284.15,"y":274.3},{"x":284.15,"y":283.82},{"x":247.44,"y":283.82}]},"line":31,"tag":""},{"description":"No.","boundingPoly":{"vertices":[{"x":286.32,"y":274.3},{"x":298.86,"y":274.3},{"x":298.86,"y":283.82},{"x":286.32,"y":283.82}]},"line":31,"tag":""},{"description":"Routing","boundingPoly":{"vertices":[{"x":339.48,"y":274.3},{"x":369.33,"y":274.3},{"x":369.33,"y":283.82},{"x":339.48,"y":283.82}]},"line":31,"tag":""},{"description":"Box","boundingPoly":{"vertices":[{"x":392.28,"y":274.3},{"x":407.05,"y":274.3},{"x":407.05,"y":283.82},{"x":392.28,"y":283.82}]},"line":31,"tag":""},{"description":"No.","boundingPoly":{"vertices":[{"x":409.08,"y":274.3},{"x":421.62,"y":274.3},{"x":421.62,"y":283.82},{"x":409.08,"y":283.82}]},"line":31,"tag":""},{"description":"Price","boundingPoly":{"vertices":[{"x":511.92,"y":274.3},{"x":531.01,"y":274.3},{"x":531.01,"y":283.82},{"x":511.92,"y":283.82}]},"line":31,"tag":""},{"description":"Price","boundingPoly":{"vertices":[{"x":559.56,"y":274.3},{"x":578.65,"y":274.3},{"x":578.65,"y":283.82},{"x":559.56,"y":283.82}]},"line":31,"tag":""},{"description":"ALLENTOW","boundingPoly":{"vertices":[{"x":331.32,"y":295.43},{"x":375.47,"y":295.43},{"x":375.47,"y":304.68},{"x":331.32,"y":304.68}]},"line":32,"tag":""},{"description":"B6917-5X100MG","boundingPoly":{"vertices":[{"x":16.68,"y":302.87},{"x":78.22,"y":302.87},{"x":78.22,"y":312.12},{"x":16.68,"y":312.12}]},"line":33,"tag":""},{"description":"BOVINE","boundingPoly":{"vertices":[{"x":102.48,"y":302.87},{"x":132.9,"y":302.87},{"x":132.9,"y":312.12},{"x":102.48,"y":312.12}]},"line":33,"tag":"description","instance":1},{"description":"SERUM","boundingPoly":{"vertices":[{"x":135.24,"y":302.87},{"x":164.22,"y":302.87},{"x":164.22,"y":312.12},{"x":135.24,"y":312.12}]},"line":33,"tag":"description","instance":1},{"description":"ALBUMIN,","boundingPoly":{"vertices":[{"x":166.44,"y":302.87},{"x":204.3,"y":302.87},{"x":204.3,"y":312.12},{"x":166.44,"y":312.12}]},"line":33,"tag":"description","instance":1},{"description":"LYOPHILIZED","boundingPoly":{"vertices":[{"x":206.64,"y":302.87},{"x":258.98,"y":302.87},{"x":258.98,"y":312.12},{"x":206.64,"y":312.12}]},"line":33,"tag":"description","instance":1},{"description":"POWDE&","boundingPoly":{"vertices":[{"x":261.24,"y":302.87},{"x":297.3,"y":302.87},{"x":297.3,"y":312.12},{"x":261.24,"y":312.12}]},"line":33,"tag":"description","instance":1},{"description":"N","boundingPoly":{"vertices":[{"x":331.32,"y":304.67},{"x":337.1,"y":304.67},{"x":337.1,"y":313.92},{"x":331.32,"y":313.92}]},"line":33,"tag":""},{"description":"870003950","boundingPoly":{"vertices":[{"x":384.72,"y":302.87},{"x":424.69,"y":302.87},{"x":424.69,"y":312.12},{"x":384.72,"y":312.12}]},"line":33,"tag":""},{"description":"1","boundingPoly":{"vertices":[{"x":470.28,"y":302.87},{"x":474.73,"y":302.87},{"x":474.73,"y":312.12},{"x":470.28,"y":312.12}]},"line":33,"tag":"quantity","instance":1},{"description":"EA","boundingPoly":{"vertices":[{"x":482.52,"y":302.87},{"x":493.26,"y":302.87},{"x":493.26,"y":312.12},{"x":482.52,"y":312.12}]},"line":33,"tag":""},{"description":"770.00","boundingPoly":{"vertices":[{"x":517.2,"y":302.87},{"x":541.69,"y":302.87},{"x":541.69,"y":312.12},{"x":517.2,"y":312.12}]},"line":33,"tag":"unit-price","instance":1},{"description":"770.00","boundingPoly":{"vertices":[{"x":569.52,"y":302.87},{"x":594.01,"y":302.87},{"x":594.01,"y":312.12},{"x":569.52,"y":312.12}]},"line":33,"tag":"line-amount","instance":1},{"description":"/","boundingPoly":{"vertices":[{"x":107.52,"y":312.11},{"x":109.74,"y":312.11},{"x":109.74,"y":321.36},{"x":107.52,"y":321.36}]},"line":34,"tag":"description","instance":1},{"description":"US","boundingPoly":{"vertices":[{"x":112.08,"y":312.11},{"x":123.18,"y":312.11},{"x":123.18,"y":321.36},{"x":112.08,"y":321.36}]},"line":34,"tag":"description","instance":1},{"description":"/","boundingPoly":{"vertices":[{"x":125.52,"y":312.11},{"x":127.74,"y":312.11},{"x":127.74,"y":321.36},{"x":125.52,"y":321.36}]},"line":34,"tag":"description","instance":1},{"description":"50288329","boundingPoly":{"vertices":[{"x":130.08,"y":312.11},{"x":165.61,"y":312.11},{"x":165.61,"y":321.36},{"x":130.08,"y":321.36}]},"line":34,"tag":"description","instance":1},{"description":"FEDEX","boundingPoly":{"vertices":[{"x":331.32,"y":312.11},{"x":358.14,"y":312.11},{"x":358.14,"y":321.36},{"x":331.32,"y":321.36}]},"line":34,"tag":""},{"description":"GR","boundingPoly":{"vertices":[{"x":360.24,"y":312.11},{"x":372.26,"y":312.11},{"x":372.26,"y":321.36},{"x":360.24,"y":321.36}]},"line":34,"tag":""},{"description":"Sub","boundingPoly":{"vertices":[{"x":102.48,"y":328.55},{"x":116.77,"y":328.55},{"x":116.77,"y":337.8},{"x":102.48,"y":337.8}]},"line":35,"tag":""},{"description":"Total","boundingPoly":{"vertices":[{"x":119.04,"y":328.55},{"x":136.9,"y":328.55},{"x":136.9,"y":337.8},{"x":119.04,"y":337.8}]},"line":35,"tag":""},{"description":"770.00","boundingPoly":{"vertices":[{"x":569.52,"y":328.55},{"x":594.01,"y":328.55},{"x":594.01,"y":337.8},{"x":569.52,"y":337.8}]},"line":35,"tag":""},{"description":"Trans","boundingPoly":{"vertices":[{"x":102.48,"y":337.79},{"x":122.92,"y":337.79},{"x":122.92,"y":347.04},{"x":102.48,"y":347.04}]},"line":36,"tag":""},{"description":"/","boundingPoly":{"vertices":[{"x":125.28,"y":337.79},{"x":127.5,"y":337.79},{"x":127.5,"y":347.04},{"x":125.28,"y":347.04}]},"line":36,"tag":""},{"description":"Handling","boundingPoly":{"vertices":[{"x":129.84,"y":337.79},{"x":161.41,"y":337.79},{"x":161.41,"y":347.04},{"x":129.84,"y":347.04}]},"line":36,"tag":""},{"description":"44.23","boundingPoly":{"vertices":[{"x":573.96,"y":337.79},{"x":594.01,"y":337.79},{"x":594.01,"y":347.04},{"x":573.96,"y":347.04}]},"line":36,"tag":"shipping-charges"},{"description":"Total","boundingPoly":{"vertices":[{"x":102.48,"y":347.03},{"x":120.34,"y":347.03},{"x":120.34,"y":356.28},{"x":102.48,"y":356.28}]},"line":37,"tag":""},{"description":"Tax","boundingPoly":{"vertices":[{"x":122.64,"y":347.03},{"x":136.0,"y":347.03},{"x":136.0,"y":356.28},{"x":122.64,"y":356.28}]},"line":37,"tag":""},{"description":"48.13","boundingPoly":{"vertices":[{"x":573.96,"y":347.03},{"x":594.01,"y":347.03},{"x":594.01,"y":356.28},{"x":573.96,"y":356.28}]},"line":37,"tag":""},{"description":"Amount","boundingPoly":{"vertices":[{"x":102.48,"y":363.47},{"x":130.26,"y":363.47},{"x":130.26,"y":372.72},{"x":102.48,"y":372.72}]},"line":38,"tag":""},{"description":"Charged","boundingPoly":{"vertices":[{"x":132.6,"y":363.47},{"x":163.21,"y":363.47},{"x":163.21,"y":372.72},{"x":132.6,"y":372.72}]},"line":38,"tag":""},{"description":"to","boundingPoly":{"vertices":[{"x":165.48,"y":363.47},{"x":172.21,"y":363.47},{"x":172.21,"y":372.72},{"x":165.48,"y":372.72}]},"line":38,"tag":""},{"description":"Credit","boundingPoly":{"vertices":[{"x":174.48,"y":363.47},{"x":195.78,"y":363.47},{"x":195.78,"y":372.72},{"x":174.48,"y":372.72}]},"line":38,"tag":""},{"description":"Card","boundingPoly":{"vertices":[{"x":198.12,"y":363.47},{"x":215.41,"y":363.47},{"x":215.41,"y":372.72},{"x":198.12,"y":372.72}]},"line":38,"tag":""},{"description":"Number","boundingPoly":{"vertices":[{"x":217.68,"y":363.47},{"x":246.26,"y":363.47},{"x":246.26,"y":372.72},{"x":217.68,"y":372.72}]},"line":38,"tag":""},{"description":"XXXXXXXX****6617","boundingPoly":{"vertices":[{"x":248.52,"y":363.47},{"x":320.05,"y":363.47},{"x":320.05,"y":372.72},{"x":248.52,"y":372.72}]},"line":38,"tag":""},{"description":"862.36","boundingPoly":{"vertices":[{"x":569.52,"y":363.47},{"x":594.01,"y":363.47},{"x":594.01,"y":372.72},{"x":569.52,"y":372.72}]},"line":38,"tag":""},{"description":"Total","boundingPoly":{"vertices":[{"x":102.48,"y":379.9},{"x":121.5,"y":379.9},{"x":121.5,"y":389.42},{"x":102.48,"y":389.42}]},"line":39,"tag":""},{"description":"Amount","boundingPoly":{"vertices":[{"x":123.84,"y":379.9},{"x":153.86,"y":379.9},{"x":153.86,"y":389.42},{"x":123.84,"y":389.42}]},"line":39,"tag":""},{"description":"Due","boundingPoly":{"vertices":[{"x":156.12,"y":379.9},{"x":171.25,"y":379.9},{"x":171.25,"y":389.42},{"x":156.12,"y":389.42}]},"line":39,"tag":""},{"description":"$0.00","boundingPoly":{"vertices":[{"x":573.96,"y":379.9},{"x":594.01,"y":379.9},{"x":594.01,"y":389.42},{"x":573.96,"y":389.42}]},"line":39,"tag":""},{"description":"-------------------------------------------------------------------------------------","boundingPoly":{"vertices":[{"x":96.0,"y":396.83},{"x":320.42,"y":396.83},{"x":320.42,"y":406.08},{"x":96.0,"y":406.08}]},"line":40,"tag":""},{"description":"Visit","boundingPoly":{"vertices":[{"x":96.0,"y":420.83},{"x":111.3,"y":420.83},{"x":111.3,"y":430.08},{"x":96.0,"y":430.08}]},"line":41,"tag":""},{"description":"www.sigmaaldrich.com/ebill","boundingPoly":{"vertices":[{"x":113.64,"y":420.58},{"x":221.94,"y":420.58},{"x":221.94,"y":430.1},{"x":113.64,"y":430.1}]},"line":41,"tag":""},{"description":"to:","boundingPoly":{"vertices":[{"x":224.28,"y":420.83},{"x":233.22,"y":420.83},{"x":233.22,"y":430.08},{"x":224.28,"y":430.08}]},"line":41,"tag":""},{"description":"-","boundingPoly":{"vertices":[{"x":96.0,"y":435.59},{"x":98.66,"y":435.59},{"x":98.66,"y":444.84},{"x":96.0,"y":444.84}]},"line":42,"tag":""},{"description":"Sign-up","boundingPoly":{"vertices":[{"x":100.92,"y":435.59},{"x":128.53,"y":435.59},{"x":128.53,"y":444.84},{"x":100.92,"y":444.84}]},"line":42,"tag":""},{"description":"or","boundingPoly":{"vertices":[{"x":130.8,"y":435.59},{"x":137.9,"y":435.59},{"x":137.9,"y":444.84},{"x":130.8,"y":444.84}]},"line":42,"tag":""},{"description":"request","boundingPoly":{"vertices":[{"x":140.16,"y":435.59},{"x":166.86,"y":435.59},{"x":166.86,"y":444.84},{"x":140.16,"y":444.84}]},"line":42,"tag":""},{"description":"a","boundingPoly":{"vertices":[{"x":169.2,"y":435.59},{"x":173.65,"y":435.59},{"x":173.65,"y":444.84},{"x":169.2,"y":444.84}]},"line":42,"tag":""},{"description":"sample","boundingPoly":{"vertices":[{"x":175.92,"y":435.59},{"x":201.73,"y":435.59},{"x":201.73,"y":444.84},{"x":175.92,"y":444.84}]},"line":42,"tag":""},{"description":"for","boundingPoly":{"vertices":[{"x":204.0,"y":435.59},{"x":213.38,"y":435.59},{"x":213.38,"y":444.84},{"x":204.0,"y":444.84}]},"line":42,"tag":""},{"description":"email","boundingPoly":{"vertices":[{"x":215.64,"y":435.59},{"x":234.7,"y":435.59},{"x":234.7,"y":444.84},{"x":215.64,"y":444.84}]},"line":42,"tag":""},{"description":"invoicing","boundingPoly":{"vertices":[{"x":237.0,"y":435.59},{"x":268.33,"y":435.59},{"x":268.33,"y":444.84},{"x":237.0,"y":444.84}]},"line":42,"tag":""},{"description":"-","boundingPoly":{"vertices":[{"x":96.0,"y":450.23},{"x":98.66,"y":450.23},{"x":98.66,"y":459.48},{"x":96.0,"y":459.48}]},"line":43,"tag":""},{"description":"Search","boundingPoly":{"vertices":[{"x":100.92,"y":450.23},{"x":126.37,"y":450.23},{"x":126.37,"y":459.48},{"x":100.92,"y":459.48}]},"line":43,"tag":""},{"description":"for","boundingPoly":{"vertices":[{"x":128.64,"y":450.23},{"x":138.02,"y":450.23},{"x":138.02,"y":459.48},{"x":128.64,"y":459.48}]},"line":43,"tag":""},{"description":"paperless","boundingPoly":{"vertices":[{"x":140.28,"y":450.23},{"x":175.0,"y":450.23},{"x":175.0,"y":459.48},{"x":140.28,"y":459.48}]},"line":43,"tag":""},{"description":"Credit","boundingPoly":{"vertices":[{"x":177.36,"y":450.23},{"x":198.66,"y":450.23},{"x":198.66,"y":459.48},{"x":177.36,"y":459.48}]},"line":43,"tag":""},{"description":"Card","boundingPoly":{"vertices":[{"x":201.0,"y":450.23},{"x":218.29,"y":450.23},{"x":218.29,"y":459.48},{"x":201.0,"y":459.48}]},"line":43,"tag":""},{"description":"invoices","boundingPoly":{"vertices":[{"x":220.56,"y":450.23},{"x":249.64,"y":450.23},{"x":249.64,"y":459.48},{"x":220.56,"y":459.48}]},"line":43,"tag":""},{"description":"FCA","boundingPoly":{"vertices":[{"x":553.2,"y":671.27},{"x":569.22,"y":671.27},{"x":569.22,"y":680.52},{"x":553.2,"y":680.52}]},"line":44,"tag":""},{"description":"ALL","boundingPoly":{"vertices":[{"x":16.68,"y":684.17},{"x":27.34,"y":684.17},{"x":27.34,"y":691.11},{"x":16.68,"y":691.11}]},"line":45,"tag":""},{"description":"SALES","boundingPoly":{"vertices":[{"x":29.04,"y":684.17},{"x":48.28,"y":684.17},{"x":48.28,"y":691.11},{"x":29.04,"y":691.11}]},"line":45,"tag":""},{"description":"ARE","boundingPoly":{"vertices":[{"x":49.92,"y":684.17},{"x":62.2,"y":684.17},{"x":62.2,"y":691.11},{"x":49.92,"y":691.11}]},"line":45,"tag":""},{"description":"EXPRESSLY","boundingPoly":{"vertices":[{"x":63.84,"y":684.17},{"x":99.28,"y":684.17},{"x":99.28,"y":691.11},{"x":63.84,"y":691.11}]},"line":45,"tag":""},{"description":"LIMITED","boundingPoly":{"vertices":[{"x":100.92,"y":684.17},{"x":124.57,"y":684.17},{"x":124.57,"y":691.11},{"x":100.92,"y":691.11}]},"line":45,"tag":""},{"description":"TO","boundingPoly":{"vertices":[{"x":126.24,"y":684.17},{"x":134.63,"y":684.17},{"x":134.63,"y":691.11},{"x":126.24,"y":691.11}]},"line":45,"tag":""},{"description":"AND","boundingPoly":{"vertices":[{"x":136.32,"y":684.17},{"x":148.93,"y":684.17},{"x":148.93,"y":691.11},{"x":136.32,"y":691.11}]},"line":45,"tag":""},{"description":"CONDITIONED","boundingPoly":{"vertices":[{"x":150.6,"y":684.17},{"x":192.61,"y":684.17},{"x":192.61,"y":691.11},{"x":150.6,"y":691.11}]},"line":45,"tag":""},{"description":"UPON","boundingPoly":{"vertices":[{"x":194.28,"y":684.17},{"x":211.57,"y":684.17},{"x":211.57,"y":691.11},{"x":194.28,"y":691.11}]},"line":45,"tag":""},{"description":"Invoice","boundingPoly":{"vertices":[{"x":238.44,"y":686.38},{"x":265.69,"y":686.38},{"x":265.69,"y":695.9},{"x":238.44,"y":695.9}]},"line":45,"tag":""},{"description":"No.","boundingPoly":{"vertices":[{"x":267.72,"y":686.38},{"x":280.26,"y":686.38},{"x":280.26,"y":695.9},{"x":267.72,"y":695.9}]},"line":45,"tag":""},{"description":"Sub","boundingPoly":{"vertices":[{"x":305.28,"y":686.38},{"x":320.25,"y":686.38},{"x":320.25,"y":695.9},{"x":305.28,"y":695.9}]},"line":45,"tag":""},{"description":"Total","boundingPoly":{"vertices":[{"x":322.32,"y":686.38},{"x":341.34,"y":686.38},{"x":341.34,"y":695.9},{"x":322.32,"y":695.9}]},"line":45,"tag":""},{"description":"Trans/Handling","boundingPoly":{"vertices":[{"x":357.24,"y":686.38},{"x":414.45,"y":686.38},{"x":414.45,"y":695.9},{"x":357.24,"y":695.9}]},"line":45,"tag":""},{"description":"Total","boundingPoly":{"vertices":[{"x":433.08,"y":686.38},{"x":452.1,"y":686.38},{"x":452.1,"y":695.9},{"x":433.08,"y":695.9}]},"line":45,"tag":""},{"description":"Tax","boundingPoly":{"vertices":[{"x":454.2,"y":686.38},{"x":468.01,"y":686.38},{"x":468.01,"y":695.9},{"x":454.2,"y":695.9}]},"line":45,"tag":""},{"description":"Total","boundingPoly":{"vertices":[{"x":521.04,"y":686.38},{"x":540.06,"y":686.38},{"x":540.06,"y":695.9},{"x":521.04,"y":695.9}]},"line":45,"tag":""},{"description":"Amount","boundingPoly":{"vertices":[{"x":542.4,"y":686.38},{"x":572.42,"y":686.38},{"x":572.42,"y":695.9},{"x":542.4,"y":695.9}]},"line":45,"tag":""},{"description":"Due","boundingPoly":{"vertices":[{"x":574.68,"y":686.38},{"x":589.81,"y":686.38},{"x":589.81,"y":695.9},{"x":574.68,"y":695.9}]},"line":45,"tag":""},{"description":"THE","boundingPoly":{"vertices":[{"x":16.68,"y":691.01},{"x":28.72,"y":691.01},{"x":28.72,"y":697.95},{"x":16.68,"y":697.95}]},"line":46,"tag":""},{"description":"TERMS","boundingPoly":{"vertices":[{"x":30.36,"y":691.01},{"x":51.28,"y":691.01},{"x":51.28,"y":697.95},{"x":30.36,"y":697.95}]},"line":46,"tag":""},{"description":"AND","boundingPoly":{"vertices":[{"x":52.92,"y":691.01},{"x":65.53,"y":691.01},{"x":65.53,"y":697.95},{"x":52.92,"y":697.95}]},"line":46,"tag":""},{"description":"CONDITIONS","boundingPoly":{"vertices":[{"x":67.2,"y":691.01},{"x":104.92,"y":691.01},{"x":104.92,"y":697.95},{"x":67.2,"y":697.95}]},"line":46,"tag":""},{"description":"APPEARING","boundingPoly":{"vertices":[{"x":106.56,"y":691.01},{"x":141.35,"y":691.01},{"x":141.35,"y":697.95},{"x":106.56,"y":697.95}]},"line":46,"tag":""},{"description":"ON","boundingPoly":{"vertices":[{"x":143.04,"y":691.01},{"x":152.05,"y":691.01},{"x":152.05,"y":697.95},{"x":143.04,"y":697.95}]},"line":46,"tag":""},{"description":"THE","boundingPoly":{"vertices":[{"x":153.72,"y":691.01},{"x":165.76,"y":691.01},{"x":165.76,"y":697.95},{"x":153.72,"y":697.95}]},"line":46,"tag":""},{"description":"FRONT","boundingPoly":{"vertices":[{"x":167.4,"y":691.01},{"x":188.11,"y":691.01},{"x":188.11,"y":697.95},{"x":167.4,"y":697.95}]},"line":46,"tag":""},{"description":"AND","boundingPoly":{"vertices":[{"x":189.84,"y":691.01},{"x":202.45,"y":691.01},{"x":202.45,"y":697.95},{"x":189.84,"y":697.95}]},"line":46,"tag":""},{"description":"BACKOFTHISORIGINALINVOICE.","boundingPoly":{"vertices":[{"x":16.68,"y":697.85},{"x":116.63,"y":697.85},{"x":116.63,"y":704.79},{"x":16.68,"y":704.79}]},"line":47,"tag":""},{"description":"555082523","boundingPoly":{"vertices":[{"x":242.04,"y":699.44},{"x":276.65,"y":699.44},{"x":276.65,"y":707.53},{"x":242.04,"y":707.53}]},"line":47,"tag":""},{"description":"770.00","boundingPoly":{"vertices":[{"x":312.72,"y":699.44},{"x":333.89,"y":699.44},{"x":333.89,"y":707.53},{"x":312.72,"y":707.53}]},"line":47,"tag":""},{"description":"44.23","boundingPoly":{"vertices":[{"x":377.16,"y":699.44},{"x":394.49,"y":699.44},{"x":394.49,"y":707.53},{"x":377.16,"y":707.53}]},"line":47,"tag":""},{"description":"48.13","boundingPoly":{"vertices":[{"x":441.84,"y":699.44},{"x":459.17,"y":699.44},{"x":459.17,"y":707.53},{"x":441.84,"y":707.53}]},"line":47,"tag":"tax"},{"description":"$0.00","boundingPoly":{"vertices":[{"x":535.2,"y":699.7},{"x":555.25,"y":699.7},{"x":555.25,"y":709.22},{"x":535.2,"y":709.22}]},"line":47,"tag":""},{"description":"USD","boundingPoly":{"vertices":[{"x":562.08,"y":699.95},{"x":579.02,"y":699.95},{"x":579.02,"y":709.2},{"x":562.08,"y":709.2}]},"line":47,"tag":""},{"description":"Enabling","boundingPoly":{"vertices":[{"x":217.8,"y":713.38},{"x":251.01,"y":713.38},{"x":251.01,"y":722.9},{"x":217.8,"y":722.9}]},"line":48,"tag":""},{"description":"Science","boundingPoly":{"vertices":[{"x":253.08,"y":713.38},{"x":282.49,"y":713.38},{"x":282.49,"y":722.9},{"x":253.08,"y":722.9}]},"line":48,"tag":""},{"description":"to","boundingPoly":{"vertices":[{"x":284.52,"y":713.38},{"x":292.05,"y":713.38},{"x":292.05,"y":722.9},{"x":284.52,"y":722.9}]},"line":48,"tag":""},{"description":"Improve","boundingPoly":{"vertices":[{"x":294.12,"y":713.38},{"x":324.73,"y":713.38},{"x":324.73,"y":722.9},{"x":294.12,"y":722.9}]},"line":48,"tag":""},{"description":"the","boundingPoly":{"vertices":[{"x":326.76,"y":713.38},{"x":338.65,"y":713.38},{"x":338.65,"y":722.9},{"x":326.76,"y":722.9}]},"line":48,"tag":""},{"description":"Quality","boundingPoly":{"vertices":[{"x":340.68,"y":713.38},{"x":367.45,"y":713.38},{"x":367.45,"y":722.9},{"x":340.68,"y":722.9}]},"line":48,"tag":""},{"description":"of","boundingPoly":{"vertices":[{"x":369.48,"y":713.38},{"x":376.94,"y":713.38},{"x":376.94,"y":722.9},{"x":369.48,"y":722.9}]},"line":48,"tag":""},{"description":"Life.","boundingPoly":{"vertices":[{"x":379.08,"y":713.38},{"x":395.22,"y":713.38},{"x":395.22,"y":722.9},{"x":379.08,"y":722.9}]},"line":48,"tag":""},{"description":"To","boundingPoly":{"vertices":[{"x":39.24,"y":759.47},{"x":47.84,"y":759.47},{"x":47.84,"y":767.8},{"x":39.24,"y":767.8}]},"line":49,"tag":""},{"description":"ensure","boundingPoly":{"vertices":[{"x":49.8,"y":759.47},{"x":72.65,"y":759.47},{"x":72.65,"y":767.8},{"x":49.8,"y":767.8}]},"line":49,"tag":""},{"description":"proper","boundingPoly":{"vertices":[{"x":74.52,"y":759.47},{"x":96.68,"y":759.47},{"x":96.68,"y":767.8},{"x":74.52,"y":767.8}]},"line":49,"tag":""},{"description":"postings","boundingPoly":{"vertices":[{"x":98.52,"y":759.47},{"x":127.85,"y":759.47},{"x":127.85,"y":767.8},{"x":98.52,"y":767.8}]},"line":49,"tag":""},{"description":"of","boundingPoly":{"vertices":[{"x":129.72,"y":759.47},{"x":136.37,"y":759.47},{"x":136.37,"y":767.8},{"x":129.72,"y":767.8}]},"line":49,"tag":""},{"description":"your","boundingPoly":{"vertices":[{"x":138.36,"y":759.47},{"x":153.56,"y":759.47},{"x":153.56,"y":767.8},{"x":138.36,"y":767.8}]},"line":49,"tag":""},{"description":"payments,","boundingPoly":{"vertices":[{"x":155.4,"y":759.47},{"x":189.99,"y":759.47},{"x":189.99,"y":767.8},{"x":155.4,"y":767.8}]},"line":49,"tag":""},{"description":"please","boundingPoly":{"vertices":[{"x":191.88,"y":759.47},{"x":213.53,"y":759.47},{"x":213.53,"y":767.8},{"x":191.88,"y":767.8}]},"line":49,"tag":""},{"description":"indicate","boundingPoly":{"vertices":[{"x":215.4,"y":759.47},{"x":241.85,"y":759.47},{"x":241.85,"y":767.8},{"x":215.4,"y":767.8}]},"line":49,"tag":""},{"description":"invoice","boundingPoly":{"vertices":[{"x":243.72,"y":759.47},{"x":267.77,"y":759.47},{"x":267.77,"y":767.8},{"x":243.72,"y":767.8}]},"line":49,"tag":""},{"description":"numbers","boundingPoly":{"vertices":[{"x":269.64,"y":759.47},{"x":299.21,"y":759.47},{"x":299.21,"y":767.8},{"x":269.64,"y":767.8}]},"line":49,"tag":""},{"description":"on","boundingPoly":{"vertices":[{"x":301.08,"y":759.47},{"x":309.68,"y":759.47},{"x":309.68,"y":767.8},{"x":301.08,"y":767.8}]},"line":49,"tag":""},{"description":"your","boundingPoly":{"vertices":[{"x":311.64,"y":759.47},{"x":326.84,"y":759.47},{"x":326.84,"y":767.8},{"x":311.64,"y":767.8}]},"line":49,"tag":""},{"description":"payment","boundingPoly":{"vertices":[{"x":328.68,"y":759.47},{"x":357.41,"y":759.47},{"x":357.41,"y":767.8},{"x":328.68,"y":767.8}]},"line":49,"tag":""},{"description":"advice","boundingPoly":{"vertices":[{"x":359.4,"y":759.47},{"x":381.05,"y":759.47},{"x":381.05,"y":767.8},{"x":359.4,"y":767.8}]},"line":49,"tag":""},{"description":"&","boundingPoly":{"vertices":[{"x":382.92,"y":759.47},{"x":387.97,"y":759.47},{"x":387.97,"y":767.8},{"x":382.92,"y":767.8}]},"line":49,"tag":""},{"description":"mail","boundingPoly":{"vertices":[{"x":389.88,"y":759.47},{"x":403.83,"y":759.47},{"x":403.83,"y":767.8},{"x":389.88,"y":767.8}]},"line":49,"tag":""},{"description":"it","boundingPoly":{"vertices":[{"x":405.72,"y":759.47},{"x":409.97,"y":759.47},{"x":409.97,"y":767.8},{"x":405.72,"y":767.8}]},"line":49,"tag":""},{"description":"to","boundingPoly":{"vertices":[{"x":411.96,"y":759.47},{"x":418.64,"y":759.47},{"x":418.64,"y":767.8},{"x":411.96,"y":767.8}]},"line":49,"tag":""},{"description":"the","boundingPoly":{"vertices":[{"x":420.6,"y":759.47},{"x":431.21,"y":759.47},{"x":431.21,"y":767.8},{"x":420.6,"y":767.8}]},"line":49,"tag":""},{"description":"remittance","boundingPoly":{"vertices":[{"x":433.08,"y":759.47},{"x":468.41,"y":759.47},{"x":468.41,"y":767.8},{"x":433.08,"y":767.8}]},"line":49,"tag":""},{"description":"address","boundingPoly":{"vertices":[{"x":470.28,"y":759.47},{"x":496.97,"y":759.47},{"x":496.97,"y":767.8},{"x":470.28,"y":767.8}]},"line":49,"tag":""},{"description":"indicated.","boundingPoly":{"vertices":[{"x":498.84,"y":759.47},{"x":531.51,"y":759.47},{"x":531.51,"y":767.8},{"x":498.84,"y":767.8}]},"line":49,"tag":""},{"description":"Thank","boundingPoly":{"vertices":[{"x":535.32,"y":759.47},{"x":556.01,"y":759.47},{"x":556.01,"y":767.8},{"x":535.32,"y":767.8}]},"line":49,"tag":""},{"description":"You.","boundingPoly":{"vertices":[{"x":557.88,"y":759.47},{"x":573.03,"y":759.47},{"x":573.03,"y":767.8},{"x":557.88,"y":767.8}]},"line":49,"tag":""}]}]}