{"api_version":"1.0","fname":"Vendor Illumina, Inc. Invoice#7001453035_2022-04-13-16-00-040.PDF","original_fname":"Vendor Illumina, Inc. Invoice#7001453035.PDF","fields":{"name":"Illumina,","shipping-charges":"351.00","invoice-no":"7001453035","date":"2022-03-24","tax":"2193.75"},"items":[{"instance":1,"values":{"description":"40 20040559 NextSeq 2000 P3 Reagents (100 Cycles)","quantity":"12","unit-price":"2925.00","line-amount":"35100.00"}}],"pages":[{"page_rotation":0,"page_no":0,"width":612.0,"height":792.0,"words":[{"description":"Sold","boundingPoly":{"vertices":[{"x":21.04,"y":49.93},{"x":38.93,"y":49.93},{"x":38.93,"y":61.08},{"x":21.04,"y":61.08}]},"line":3,"tag":""},{"description":"By:","boundingPoly":{"vertices":[{"x":40.75,"y":49.93},{"x":53.23,"y":49.93},{"x":53.23,"y":61.08},{"x":40.75,"y":61.08}]},"line":3,"tag":""},{"description":"Illumina,","boundingPoly":{"vertices":[{"x":21.04,"y":59.5},{"x":53.2,"y":59.5},{"x":53.2,"y":70.32},{"x":21.04,"y":70.32}]},"line":4,"tag":"name"},{"description":"Inc.","boundingPoly":{"vertices":[{"x":55.11,"y":59.5},{"x":68.15,"y":59.5},{"x":68.15,"y":70.32},{"x":55.11,"y":70.32}]},"line":4,"tag":""},{"description":"5200","boundingPoly":{"vertices":[{"x":21.04,"y":69.1},{"x":39.51,"y":69.1},{"x":39.51,"y":79.92},{"x":21.04,"y":79.92}]},"line":6,"tag":""},{"description":"Illumina","boundingPoly":{"vertices":[{"x":41.41,"y":69.1},{"x":71.72,"y":69.1},{"x":71.72,"y":79.92},{"x":41.41,"y":79.92}]},"line":6,"tag":""},{"description":"Way","boundingPoly":{"vertices":[{"x":73.63,"y":69.1},{"x":89.82,"y":69.1},{"x":89.82,"y":79.92},{"x":73.63,"y":79.92}]},"line":6,"tag":""},{"description":"San","boundingPoly":{"vertices":[{"x":21.04,"y":77.97},{"x":34.81,"y":77.97},{"x":34.81,"y":88.79},{"x":21.04,"y":88.79}]},"line":7,"tag":""},{"description":"Diego","boundingPoly":{"vertices":[{"x":36.72,"y":77.97},{"x":59.3,"y":77.97},{"x":59.3,"y":88.79},{"x":36.72,"y":88.79}]},"line":7,"tag":""},{"description":"CA","boundingPoly":{"vertices":[{"x":61.21,"y":77.97},{"x":71.93,"y":77.97},{"x":71.93,"y":88.79},{"x":61.21,"y":88.79}]},"line":7,"tag":""},{"description":"92122-4616","boundingPoly":{"vertices":[{"x":75.75,"y":77.97},{"x":120.07,"y":77.97},{"x":120.07,"y":88.79},{"x":75.75,"y":88.79}]},"line":7,"tag":""},{"description":"USA","boundingPoly":{"vertices":[{"x":21.04,"y":87.21},{"x":36.81,"y":87.21},{"x":36.81,"y":98.03},{"x":21.04,"y":98.03}]},"line":8,"tag":""},{"description":"FEDERAL","boundingPoly":{"vertices":[{"x":21.26,"y":126.48},{"x":55.09,"y":126.48},{"x":55.09,"y":137.29},{"x":21.26,"y":137.29}]},"line":12,"tag":""},{"description":"ID:","boundingPoly":{"vertices":[{"x":57.0,"y":126.48},{"x":67.01,"y":126.48},{"x":67.01,"y":137.29},{"x":57.0,"y":137.29}]},"line":12,"tag":""},{"description":"DUNS","boundingPoly":{"vertices":[{"x":21.26,"y":136.26},{"x":43.44,"y":136.26},{"x":43.44,"y":147.08},{"x":21.26,"y":147.08}]},"line":13,"tag":""},{"description":"NO:","boundingPoly":{"vertices":[{"x":45.35,"y":136.26},{"x":59.33,"y":136.26},{"x":59.33,"y":147.08},{"x":45.35,"y":147.08}]},"line":13,"tag":""},{"description":"Ship","boundingPoly":{"vertices":[{"x":20.83,"y":156.93},{"x":38.82,"y":156.93},{"x":38.82,"y":168.08},{"x":20.83,"y":168.08}]},"line":14,"tag":""},{"description":"To:","boundingPoly":{"vertices":[{"x":40.63,"y":156.93},{"x":53.1,"y":156.93},{"x":53.1,"y":168.08},{"x":40.63,"y":168.08}]},"line":14,"tag":""},{"description":"Fluent","boundingPoly":{"vertices":[{"x":20.83,"y":168.78},{"x":44.78,"y":168.78},{"x":44.78,"y":179.6},{"x":20.83,"y":179.6}]},"line":15,"tag":""},{"description":"BioSciences","boundingPoly":{"vertices":[{"x":46.69,"y":168.78},{"x":90.8,"y":168.78},{"x":90.8,"y":179.6},{"x":46.69,"y":179.6}]},"line":15,"tag":""},{"description":"Inc.","boundingPoly":{"vertices":[{"x":92.71,"y":168.78},{"x":105.75,"y":168.78},{"x":105.75,"y":179.6},{"x":92.71,"y":179.6}]},"line":15,"tag":""},{"description":"150","boundingPoly":{"vertices":[{"x":20.83,"y":180.3},{"x":34.69,"y":180.3},{"x":34.69,"y":191.12},{"x":20.83,"y":191.12}]},"line":16,"tag":""},{"description":"Coolidge","boundingPoly":{"vertices":[{"x":36.59,"y":180.3},{"x":70.54,"y":180.3},{"x":70.54,"y":191.12},{"x":36.59,"y":191.12}]},"line":16,"tag":""},{"description":"Avenue","boundingPoly":{"vertices":[{"x":72.45,"y":180.3},{"x":101.26,"y":180.3},{"x":101.26,"y":191.12},{"x":72.45,"y":191.12}]},"line":16,"tag":""},{"description":"WatertownMA","boundingPoly":{"vertices":[{"x":20.83,"y":191.82},{"x":77.41,"y":191.82},{"x":77.41,"y":202.64},{"x":20.83,"y":202.64}]},"line":17,"tag":""},{"description":"02472","boundingPoly":{"vertices":[{"x":81.22,"y":191.82},{"x":104.31,"y":191.82},{"x":104.31,"y":202.64},{"x":81.22,"y":202.64}]},"line":17,"tag":""},{"description":"USA","boundingPoly":{"vertices":[{"x":20.83,"y":204.1},{"x":36.6,"y":204.1},{"x":36.6,"y":214.92},{"x":20.83,"y":214.92}]},"line":18,"tag":""},{"description":"33-0804655","boundingPoly":{"vertices":[{"x":117.64,"y":126.34},{"x":161.95,"y":126.34},{"x":161.95,"y":137.16},{"x":117.64,"y":137.16}]},"line":12,"tag":""},{"description":"033305264","boundingPoly":{"vertices":[{"x":117.64,"y":136.26},{"x":159.19,"y":136.26},{"x":159.19,"y":147.08},{"x":117.64,"y":147.08}]},"line":13,"tag":""},{"description":"INVOICE","boundingPoly":{"vertices":[{"x":243.66,"y":18.0},{"x":296.05,"y":18.0},{"x":296.05,"y":35.35},{"x":243.66,"y":35.35}]},"line":0,"tag":""},{"description":"Invoice","boundingPoly":{"vertices":[{"x":335.83,"y":17.94},{"x":362.9,"y":17.94},{"x":362.9,"y":28.76},{"x":335.83,"y":28.76}]},"line":0,"tag":""},{"description":"#","boundingPoly":{"vertices":[{"x":364.81,"y":17.94},{"x":369.28,"y":17.94},{"x":369.28,"y":28.76},{"x":364.81,"y":28.76}]},"line":0,"tag":""},{"description":"Invoice","boundingPoly":{"vertices":[{"x":335.83,"y":29.42},{"x":362.9,"y":29.42},{"x":362.9,"y":40.24},{"x":335.83,"y":40.24}]},"line":1,"tag":""},{"description":"Date","boundingPoly":{"vertices":[{"x":366.71,"y":29.42},{"x":384.53,"y":29.42},{"x":384.53,"y":40.24},{"x":366.71,"y":40.24}]},"line":1,"tag":""},{"description":"Purchase","boundingPoly":{"vertices":[{"x":335.83,"y":40.98},{"x":369.96,"y":40.98},{"x":369.96,"y":51.8},{"x":335.83,"y":51.8}]},"line":2,"tag":""},{"description":"Order","boundingPoly":{"vertices":[{"x":371.87,"y":40.98},{"x":393.54,"y":40.98},{"x":393.54,"y":51.8},{"x":371.87,"y":51.8}]},"line":2,"tag":""},{"description":"#","boundingPoly":{"vertices":[{"x":395.45,"y":40.98},{"x":399.92,"y":40.98},{"x":399.92,"y":51.8},{"x":395.45,"y":51.8}]},"line":2,"tag":""},{"description":"Order","boundingPoly":{"vertices":[{"x":335.83,"y":52.5},{"x":357.51,"y":52.5},{"x":357.51,"y":63.32},{"x":335.83,"y":63.32}]},"line":3,"tag":""},{"description":"Date","boundingPoly":{"vertices":[{"x":361.32,"y":52.5},{"x":379.14,"y":52.5},{"x":379.14,"y":63.32},{"x":361.32,"y":63.32}]},"line":3,"tag":""},{"description":"Customer","boundingPoly":{"vertices":[{"x":335.83,"y":64.02},{"x":372.46,"y":64.02},{"x":372.46,"y":74.84},{"x":335.83,"y":74.84}]},"line":5,"tag":""},{"description":"Account","boundingPoly":{"vertices":[{"x":374.36,"y":64.02},{"x":405.81,"y":64.02},{"x":405.81,"y":74.84},{"x":374.36,"y":74.84}]},"line":5,"tag":""},{"description":"#","boundingPoly":{"vertices":[{"x":407.72,"y":64.02},{"x":412.19,"y":64.02},{"x":412.19,"y":74.84},{"x":407.72,"y":74.84}]},"line":5,"tag":""},{"description":"Illumina","boundingPoly":{"vertices":[{"x":335.84,"y":75.54},{"x":366.14,"y":75.54},{"x":366.14,"y":86.36},{"x":335.84,"y":86.36}]},"line":7,"tag":""},{"description":"Order","boundingPoly":{"vertices":[{"x":368.05,"y":75.54},{"x":389.72,"y":75.54},{"x":389.72,"y":86.36},{"x":368.05,"y":86.36}]},"line":7,"tag":""},{"description":"#","boundingPoly":{"vertices":[{"x":391.63,"y":75.54},{"x":396.1,"y":75.54},{"x":396.1,"y":86.36},{"x":391.63,"y":86.36}]},"line":7,"tag":""},{"description":"Tax","boundingPoly":{"vertices":[{"x":335.83,"y":87.06},{"x":348.81,"y":87.06},{"x":348.81,"y":97.88},{"x":335.83,"y":97.88}]},"line":8,"tag":""},{"description":"ID","boundingPoly":{"vertices":[{"x":350.72,"y":87.06},{"x":358.87,"y":87.06},{"x":358.87,"y":97.88},{"x":350.72,"y":97.88}]},"line":8,"tag":""},{"description":"Total","boundingPoly":{"vertices":[{"x":335.83,"y":98.54},{"x":354.69,"y":98.54},{"x":354.69,"y":109.36},{"x":335.83,"y":109.36}]},"line":9,"tag":""},{"description":"Amount","boundingPoly":{"vertices":[{"x":356.6,"y":98.54},{"x":387.49,"y":98.54},{"x":387.49,"y":109.36},{"x":356.6,"y":109.36}]},"line":9,"tag":""},{"description":"Due","boundingPoly":{"vertices":[{"x":389.39,"y":98.54},{"x":404.86,"y":98.54},{"x":404.86,"y":109.36},{"x":389.39,"y":109.36}]},"line":9,"tag":""},{"description":"Payment","boundingPoly":{"vertices":[{"x":335.83,"y":110.1},{"x":369.19,"y":110.1},{"x":369.19,"y":120.92},{"x":335.83,"y":120.92}]},"line":10,"tag":""},{"description":"Due","boundingPoly":{"vertices":[{"x":371.1,"y":110.1},{"x":386.56,"y":110.1},{"x":386.56,"y":120.92},{"x":371.1,"y":120.92}]},"line":10,"tag":""},{"description":"Date","boundingPoly":{"vertices":[{"x":388.47,"y":110.1},{"x":406.29,"y":110.1},{"x":406.29,"y":120.92},{"x":388.47,"y":120.92}]},"line":10,"tag":""},{"description":"Payment","boundingPoly":{"vertices":[{"x":335.83,"y":121.62},{"x":369.19,"y":121.62},{"x":369.19,"y":132.44},{"x":335.83,"y":132.44}]},"line":11,"tag":""},{"description":"Terms","boundingPoly":{"vertices":[{"x":371.1,"y":121.62},{"x":394.09,"y":121.62},{"x":394.09,"y":132.44},{"x":371.1,"y":132.44}]},"line":11,"tag":""},{"description":"Bill","boundingPoly":{"vertices":[{"x":317.83,"y":156.93},{"x":330.69,"y":156.93},{"x":330.69,"y":168.08},{"x":317.83,"y":168.08}]},"line":14,"tag":""},{"description":"To:","boundingPoly":{"vertices":[{"x":332.51,"y":156.93},{"x":344.97,"y":156.93},{"x":344.97,"y":168.08},{"x":332.51,"y":168.08}]},"line":14,"tag":""},{"description":"Fluent","boundingPoly":{"vertices":[{"x":317.83,"y":168.78},{"x":341.78,"y":168.78},{"x":341.78,"y":179.6},{"x":317.83,"y":179.6}]},"line":15,"tag":""},{"description":"BioSciences,","boundingPoly":{"vertices":[{"x":343.69,"y":168.78},{"x":389.66,"y":168.78},{"x":389.66,"y":179.6},{"x":343.69,"y":179.6}]},"line":15,"tag":""},{"description":"Inc","boundingPoly":{"vertices":[{"x":391.57,"y":168.78},{"x":402.75,"y":168.78},{"x":402.75,"y":179.6},{"x":391.57,"y":179.6}]},"line":15,"tag":""},{"description":"150","boundingPoly":{"vertices":[{"x":317.83,"y":180.3},{"x":331.69,"y":180.3},{"x":331.69,"y":191.12},{"x":317.83,"y":191.12}]},"line":16,"tag":""},{"description":"Coolidge","boundingPoly":{"vertices":[{"x":333.59,"y":180.3},{"x":367.54,"y":180.3},{"x":367.54,"y":191.12},{"x":333.59,"y":191.12}]},"line":16,"tag":""},{"description":"Avenue","boundingPoly":{"vertices":[{"x":369.45,"y":180.3},{"x":398.26,"y":180.3},{"x":398.26,"y":191.12},{"x":369.45,"y":191.12}]},"line":16,"tag":""},{"description":"WatertownMA","boundingPoly":{"vertices":[{"x":317.83,"y":191.82},{"x":374.41,"y":191.82},{"x":374.41,"y":202.64},{"x":317.83,"y":202.64}]},"line":17,"tag":""},{"description":"02472","boundingPoly":{"vertices":[{"x":378.23,"y":191.82},{"x":401.31,"y":191.82},{"x":401.31,"y":202.64},{"x":378.23,"y":202.64}]},"line":17,"tag":""},{"description":"USA","boundingPoly":{"vertices":[{"x":317.83,"y":204.1},{"x":333.6,"y":204.1},{"x":333.6,"y":214.92},{"x":317.83,"y":214.92}]},"line":18,"tag":""},{"description":"7001453035","boundingPoly":{"vertices":[{"x":463.39,"y":17.94},{"x":509.56,"y":17.94},{"x":509.56,"y":28.76},{"x":463.39,"y":28.76}]},"line":0,"tag":"invoice-no"},{"description":"Mar","boundingPoly":{"vertices":[{"x":463.39,"y":29.46},{"x":477.91,"y":29.46},{"x":477.91,"y":40.28},{"x":463.39,"y":40.28}]},"line":1,"tag":"date"},{"description":"24,","boundingPoly":{"vertices":[{"x":479.82,"y":29.46},{"x":490.92,"y":29.46},{"x":490.92,"y":40.28},{"x":479.82,"y":40.28}]},"line":1,"tag":"date"},{"description":"2022","boundingPoly":{"vertices":[{"x":492.82,"y":29.46},{"x":511.29,"y":29.46},{"x":511.29,"y":40.28},{"x":492.82,"y":40.28}]},"line":1,"tag":"date"},{"description":"PO-00002064","boundingPoly":{"vertices":[{"x":463.39,"y":40.98},{"x":514.08,"y":40.98},{"x":514.08,"y":51.8},{"x":463.39,"y":51.8}]},"line":2,"tag":""},{"description":"Jan","boundingPoly":{"vertices":[{"x":463.39,"y":52.5},{"x":476.06,"y":52.5},{"x":476.06,"y":63.32},{"x":463.39,"y":63.32}]},"line":3,"tag":""},{"description":"10,","boundingPoly":{"vertices":[{"x":477.96,"y":52.5},{"x":489.06,"y":52.5},{"x":489.06,"y":63.32},{"x":477.96,"y":63.32}]},"line":3,"tag":""},{"description":"2022","boundingPoly":{"vertices":[{"x":490.97,"y":52.5},{"x":509.44,"y":52.5},{"x":509.44,"y":63.32},{"x":490.97,"y":63.32}]},"line":3,"tag":""},{"description":"4000032294","boundingPoly":{"vertices":[{"x":463.39,"y":64.02},{"x":509.56,"y":64.02},{"x":509.56,"y":74.84},{"x":463.39,"y":74.84}]},"line":5,"tag":""},{"description":"2165560","boundingPoly":{"vertices":[{"x":463.39,"y":75.54},{"x":495.71,"y":75.54},{"x":495.71,"y":86.36},{"x":463.39,"y":86.36}]},"line":7,"tag":""},{"description":"37,644.75","boundingPoly":{"vertices":[{"x":463.39,"y":98.58},{"x":499.44,"y":98.58},{"x":499.44,"y":109.4},{"x":463.39,"y":109.4}]},"line":9,"tag":""},{"description":"USD","boundingPoly":{"vertices":[{"x":501.35,"y":98.58},{"x":517.6,"y":98.58},{"x":517.6,"y":109.4},{"x":501.35,"y":109.4}]},"line":9,"tag":""},{"description":"Apr","boundingPoly":{"vertices":[{"x":463.39,"y":110.1},{"x":476.97,"y":110.1},{"x":476.97,"y":120.92},{"x":463.39,"y":120.92}]},"line":10,"tag":""},{"description":"23,","boundingPoly":{"vertices":[{"x":478.87,"y":110.1},{"x":489.97,"y":110.1},{"x":489.97,"y":120.92},{"x":478.87,"y":120.92}]},"line":10,"tag":""},{"description":"2022","boundingPoly":{"vertices":[{"x":491.88,"y":110.1},{"x":510.35,"y":110.1},{"x":510.35,"y":120.92},{"x":491.88,"y":120.92}]},"line":10,"tag":""},{"description":"Net","boundingPoly":{"vertices":[{"x":463.39,"y":121.62},{"x":476.8,"y":121.62},{"x":476.8,"y":132.44},{"x":463.39,"y":132.44}]},"line":11,"tag":""},{"description":"30","boundingPoly":{"vertices":[{"x":478.71,"y":121.62},{"x":487.95,"y":121.62},{"x":487.95,"y":132.44},{"x":478.71,"y":132.44}]},"line":11,"tag":""},{"description":"Days","boundingPoly":{"vertices":[{"x":489.85,"y":121.62},{"x":507.99,"y":121.62},{"x":507.99,"y":132.44},{"x":489.85,"y":132.44}]},"line":11,"tag":""},{"description":"Page","boundingPoly":{"vertices":[{"x":517.89,"y":153.52},{"x":536.56,"y":153.52},{"x":536.56,"y":164.34},{"x":517.89,"y":164.34}]},"line":14,"tag":""},{"description":"1","boundingPoly":{"vertices":[{"x":549.04,"y":153.32},{"x":554.17,"y":153.32},{"x":554.17,"y":165.34},{"x":549.04,"y":165.34}]},"line":14,"tag":""},{"description":"of","boundingPoly":{"vertices":[{"x":559.28,"y":153.52},{"x":566.84,"y":153.52},{"x":566.84,"y":164.34},{"x":559.28,"y":164.34}]},"line":14,"tag":""},{"description":"1","boundingPoly":{"vertices":[{"x":575.37,"y":153.32},{"x":580.5,"y":153.32},{"x":580.5,"y":165.34},{"x":575.37,"y":165.34}]},"line":14,"tag":""},{"description":"Extended","boundingPoly":{"vertices":[{"x":505.4,"y":283.89},{"x":541.14,"y":283.89},{"x":541.14,"y":294.71},{"x":505.4,"y":294.71}]},"line":19,"tag":""},{"description":"Tax","boundingPoly":{"vertices":[{"x":564.47,"y":283.89},{"x":577.45,"y":283.89},{"x":577.45,"y":294.71},{"x":564.47,"y":294.71}]},"line":19,"tag":""},{"description":"Pack","boundingPoly":{"vertices":[{"x":26.7,"y":294.7},{"x":44.08,"y":294.7},{"x":44.08,"y":305.51},{"x":26.7,"y":305.51}]},"line":20,"tag":""},{"description":"Slip","boundingPoly":{"vertices":[{"x":45.99,"y":294.7},{"x":59.78,"y":294.7},{"x":59.78,"y":305.51},{"x":45.99,"y":305.51}]},"line":20,"tag":""},{"description":"#","boundingPoly":{"vertices":[{"x":61.69,"y":294.7},{"x":66.16,"y":294.7},{"x":66.16,"y":305.51},{"x":61.69,"y":305.51}]},"line":20,"tag":""},{"description":"1001568452","boundingPoly":{"vertices":[{"x":20.83,"y":311.07},{"x":61.88,"y":311.07},{"x":61.88,"y":320.68},{"x":20.83,"y":320.68}]},"line":21,"tag":""},{"description":"Line","boundingPoly":{"vertices":[{"x":78.12,"y":294.7},{"x":93.98,"y":294.7},{"x":93.98,"y":305.51},{"x":78.12,"y":305.51}]},"line":20,"tag":""},{"description":"#","boundingPoly":{"vertices":[{"x":95.89,"y":294.7},{"x":100.36,"y":294.7},{"x":100.36,"y":305.51},{"x":95.89,"y":305.51}]},"line":20,"tag":""},{"description":"40","boundingPoly":{"vertices":[{"x":92.58,"y":311.07},{"x":100.79,"y":311.07},{"x":100.79,"y":320.68},{"x":92.58,"y":320.68}]},"line":21,"tag":"description","instance":1},{"description":"Product","boundingPoly":{"vertices":[{"x":113.0,"y":294.7},{"x":142.72,"y":294.7},{"x":142.72,"y":305.51},{"x":113.0,"y":305.51}]},"line":20,"tag":""},{"description":"#","boundingPoly":{"vertices":[{"x":144.63,"y":294.7},{"x":149.1,"y":294.7},{"x":149.1,"y":305.51},{"x":144.63,"y":305.51}]},"line":20,"tag":""},{"description":"20040559","boundingPoly":{"vertices":[{"x":106.46,"y":311.07},{"x":139.29,"y":311.07},{"x":139.29,"y":320.68},{"x":106.46,"y":320.68}]},"line":21,"tag":"description","instance":1},{"description":"Product","boundingPoly":{"vertices":[{"x":204.5,"y":294.7},{"x":234.21,"y":294.7},{"x":234.21,"y":305.51},{"x":204.5,"y":305.51}]},"line":20,"tag":""},{"description":"Description","boundingPoly":{"vertices":[{"x":236.12,"y":294.7},{"x":279.41,"y":294.7},{"x":279.41,"y":305.51},{"x":236.12,"y":305.51}]},"line":20,"tag":""},{"description":"NextSeq","boundingPoly":{"vertices":[{"x":161.31,"y":311.07},{"x":189.52,"y":311.07},{"x":189.52,"y":320.68},{"x":161.31,"y":320.68}]},"line":21,"tag":"description","instance":1},{"description":"2000","boundingPoly":{"vertices":[{"x":191.21,"y":311.07},{"x":207.63,"y":311.07},{"x":207.63,"y":320.68},{"x":191.21,"y":320.68}]},"line":21,"tag":"description","instance":1},{"description":"P3","boundingPoly":{"vertices":[{"x":209.32,"y":311.07},{"x":217.68,"y":311.07},{"x":217.68,"y":320.68},{"x":209.32,"y":320.68}]},"line":21,"tag":"description","instance":1},{"description":"Reagents","boundingPoly":{"vertices":[{"x":219.38,"y":311.07},{"x":250.28,"y":311.07},{"x":250.28,"y":320.68},{"x":219.38,"y":320.68}]},"line":21,"tag":"description","instance":1},{"description":"(100","boundingPoly":{"vertices":[{"x":251.98,"y":311.07},{"x":266.56,"y":311.07},{"x":266.56,"y":320.68},{"x":251.98,"y":320.68}]},"line":21,"tag":"description","instance":1},{"description":"Cycles)","boundingPoly":{"vertices":[{"x":268.26,"y":311.07},{"x":291.35,"y":311.07},{"x":291.35,"y":320.68},{"x":268.26,"y":320.68}]},"line":21,"tag":"description","instance":1},{"description":"FREIGHT","boundingPoly":{"vertices":[{"x":161.31,"y":330.57},{"x":189.72,"y":330.57},{"x":189.72,"y":340.18},{"x":161.31,"y":340.18}]},"line":22,"tag":""},{"description":"Qty","boundingPoly":{"vertices":[{"x":336.43,"y":294.7},{"x":349.85,"y":294.7},{"x":349.85,"y":305.51},{"x":336.43,"y":305.51}]},"line":20,"tag":""},{"description":"12","boundingPoly":{"vertices":[{"x":349.81,"y":311.07},{"x":358.02,"y":311.07},{"x":358.02,"y":320.68},{"x":349.81,"y":320.68}]},"line":21,"tag":"quantity","instance":1},{"description":"U/M","boundingPoly":{"vertices":[{"x":367.3,"y":294.7},{"x":383.45,"y":294.7},{"x":383.45,"y":305.51},{"x":367.3,"y":305.51}]},"line":20,"tag":""},{"description":"EA","boundingPoly":{"vertices":[{"x":378.23,"y":311.07},{"x":387.06,"y":311.07},{"x":387.06,"y":320.68},{"x":378.23,"y":320.68}]},"line":21,"tag":""},{"description":"Ship","boundingPoly":{"vertices":[{"x":398.28,"y":294.7},{"x":414.93,"y":294.7},{"x":414.93,"y":305.51},{"x":398.28,"y":305.51}]},"line":20,"tag":""},{"description":"Date","boundingPoly":{"vertices":[{"x":416.84,"y":294.7},{"x":434.66,"y":294.7},{"x":434.66,"y":305.51},{"x":416.84,"y":305.51}]},"line":20,"tag":""},{"description":"Mar","boundingPoly":{"vertices":[{"x":395.18,"y":311.07},{"x":408.09,"y":311.07},{"x":408.09,"y":320.68},{"x":395.18,"y":320.68}]},"line":21,"tag":""},{"description":"24,","boundingPoly":{"vertices":[{"x":409.78,"y":311.07},{"x":419.65,"y":311.07},{"x":419.65,"y":320.68},{"x":409.78,"y":320.68}]},"line":21,"tag":""},{"description":"2022","boundingPoly":{"vertices":[{"x":421.34,"y":311.07},{"x":437.76,"y":311.07},{"x":437.76,"y":320.68},{"x":421.34,"y":320.68}]},"line":21,"tag":""},{"description":"Unit","boundingPoly":{"vertices":[{"x":451.28,"y":294.7},{"x":467.19,"y":294.7},{"x":467.19,"y":305.51},{"x":451.28,"y":305.51}]},"line":20,"tag":""},{"description":"Price","boundingPoly":{"vertices":[{"x":469.1,"y":294.7},{"x":487.47,"y":294.7},{"x":487.47,"y":305.51},{"x":469.1,"y":305.51}]},"line":20,"tag":""},{"description":"2,925.00","boundingPoly":{"vertices":[{"x":466.36,"y":312.48},{"x":494.3,"y":312.48},{"x":494.3,"y":322.1},{"x":466.36,"y":322.1}]},"line":21,"tag":"unit-price","instance":1},{"description":"Price","boundingPoly":{"vertices":[{"x":514.08,"y":294.7},{"x":532.46,"y":294.7},{"x":532.46,"y":305.51},{"x":514.08,"y":305.51}]},"line":20,"tag":""},{"description":"35,100.00","boundingPoly":{"vertices":[{"x":517.38,"y":312.48},{"x":549.42,"y":312.48},{"x":549.42,"y":322.1},{"x":517.38,"y":322.1}]},"line":21,"tag":"line-amount","instance":1},{"description":"351.00","boundingPoly":{"vertices":[{"x":527.24,"y":331.98},{"x":549.42,"y":331.98},{"x":549.42,"y":341.6},{"x":527.24,"y":341.6}]},"line":22,"tag":"shipping-charges"},{"description":"Amount","boundingPoly":{"vertices":[{"x":555.51,"y":294.7},{"x":586.4,"y":294.7},{"x":586.4,"y":305.51},{"x":555.51,"y":305.51}]},"line":20,"tag":""},{"description":"2,193.75","boundingPoly":{"vertices":[{"x":561.73,"y":312.48},{"x":589.67,"y":312.48},{"x":589.67,"y":322.1},{"x":561.73,"y":322.1}]},"line":21,"tag":""},{"description":"REMIT","boundingPoly":{"vertices":[{"x":18.0,"y":610.57},{"x":43.26,"y":610.57},{"x":43.26,"y":621.72},{"x":18.0,"y":621.72}]},"line":23,"tag":""},{"description":"PAYMENT","boundingPoly":{"vertices":[{"x":45.07,"y":610.57},{"x":85.19,"y":610.57},{"x":85.19,"y":621.72},{"x":45.07,"y":621.72}]},"line":23,"tag":""},{"description":"TO:","boundingPoly":{"vertices":[{"x":87.01,"y":610.57},{"x":100.74,"y":610.57},{"x":100.74,"y":621.72},{"x":87.01,"y":621.72}]},"line":23,"tag":""},{"description":" ","boundingPoly":{"vertices":[{"x":0.0,"y":0.0},{"x":0.0,"y":0.0},{"x":0.0,"y":0.0},{"x":0.0,"y":0.0}]},"line":-1,"tag":""},{"description":"Illumina,","boundingPoly":{"vertices":[{"x":118.56,"y":611.08},{"x":150.73,"y":611.08},{"x":150.73,"y":621.9},{"x":118.56,"y":621.9}]},"line":23,"tag":""},{"description":"Inc.","boundingPoly":{"vertices":[{"x":152.63,"y":611.08},{"x":165.67,"y":611.08},{"x":165.67,"y":621.9},{"x":152.63,"y":621.9}]},"line":23,"tag":""},{"description":"12864","boundingPoly":{"vertices":[{"x":118.56,"y":620.08},{"x":141.64,"y":620.08},{"x":141.64,"y":630.9},{"x":118.56,"y":630.9}]},"line":24,"tag":""},{"description":"Collection","boundingPoly":{"vertices":[{"x":143.55,"y":620.08},{"x":181.52,"y":620.08},{"x":181.52,"y":630.9},{"x":143.55,"y":630.9}]},"line":24,"tag":""},{"description":"Center","boundingPoly":{"vertices":[{"x":183.43,"y":620.08},{"x":208.59,"y":620.08},{"x":208.59,"y":630.9},{"x":183.43,"y":630.9}]},"line":24,"tag":""},{"description":"Dr","boundingPoly":{"vertices":[{"x":210.49,"y":620.08},{"x":219.43,"y":620.08},{"x":219.43,"y":630.9},{"x":210.49,"y":630.9}]},"line":24,"tag":""},{"description":"CHICAGO","boundingPoly":{"vertices":[{"x":118.56,"y":629.08},{"x":154.54,"y":629.08},{"x":154.54,"y":639.9},{"x":118.56,"y":639.9}]},"line":25,"tag":""},{"description":"IL","boundingPoly":{"vertices":[{"x":156.45,"y":629.08},{"x":162.85,"y":629.08},{"x":162.85,"y":639.9},{"x":156.45,"y":639.9}]},"line":25,"tag":""},{"description":"60693-0128","boundingPoly":{"vertices":[{"x":166.66,"y":629.08},{"x":210.98,"y":629.08},{"x":210.98,"y":639.9},{"x":166.66,"y":639.9}]},"line":25,"tag":""},{"description":"USA","boundingPoly":{"vertices":[{"x":118.56,"y":638.08},{"x":134.33,"y":638.08},{"x":134.33,"y":648.9},{"x":118.56,"y":648.9}]},"line":26,"tag":""},{"description":" ","boundingPoly":{"vertices":[{"x":0.0,"y":0.0},{"x":0.0,"y":0.0},{"x":0.0,"y":0.0},{"x":0.0,"y":0.0}]},"line":-1,"tag":""},{"description":" ","boundingPoly":{"vertices":[{"x":0.0,"y":0.0},{"x":0.0,"y":0.0},{"x":0.0,"y":0.0},{"x":0.0,"y":0.0}]},"line":-1,"tag":""},{"description":" ","boundingPoly":{"vertices":[{"x":0.0,"y":0.0},{"x":0.0,"y":0.0},{"x":0.0,"y":0.0},{"x":0.0,"y":0.0}]},"line":-1,"tag":""},{"description":"TOTAL","boundingPoly":{"vertices":[{"x":413.15,"y":637.47},{"x":438.06,"y":637.47},{"x":438.06,"y":648.29},{"x":413.15,"y":648.29}]},"line":26,"tag":""},{"description":"SUBTOTAL","boundingPoly":{"vertices":[{"x":453.24,"y":612.04},{"x":493.28,"y":612.04},{"x":493.28,"y":622.85},{"x":453.24,"y":622.85}]},"line":23,"tag":""},{"description":"TAX","boundingPoly":{"vertices":[{"x":478.16,"y":624.76},{"x":493.28,"y":624.76},{"x":493.28,"y":635.57},{"x":478.16,"y":635.57}]},"line":25,"tag":""},{"description":"AMOUNT","boundingPoly":{"vertices":[{"x":439.96,"y":637.47},{"x":475.13,"y":637.47},{"x":475.13,"y":648.29},{"x":439.96,"y":648.29}]},"line":26,"tag":""},{"description":"DUE","boundingPoly":{"vertices":[{"x":477.04,"y":637.47},{"x":493.28,"y":637.47},{"x":493.28,"y":648.29},{"x":477.04,"y":648.29}]},"line":26,"tag":""},{"description":"35,451.00","boundingPoly":{"vertices":[{"x":534.1,"y":612.04},{"x":570.14,"y":612.04},{"x":570.14,"y":622.86},{"x":534.1,"y":622.86}]},"line":23,"tag":""},{"description":"USD","boundingPoly":{"vertices":[{"x":572.05,"y":612.04},{"x":588.31,"y":612.04},{"x":588.31,"y":622.86},{"x":572.05,"y":622.86}]},"line":23,"tag":""},{"description":"2,193.75","boundingPoly":{"vertices":[{"x":539.39,"y":624.76},{"x":570.82,"y":624.76},{"x":570.82,"y":635.57},{"x":539.39,"y":635.57}]},"line":25,"tag":"tax"},{"description":"USD","boundingPoly":{"vertices":[{"x":572.73,"y":624.76},{"x":588.98,"y":624.76},{"x":588.98,"y":635.57},{"x":572.73,"y":635.57}]},"line":25,"tag":""},{"description":"37,644.75","boundingPoly":{"vertices":[{"x":534.77,"y":637.47},{"x":570.82,"y":637.47},{"x":570.82,"y":648.29},{"x":534.77,"y":648.29}]},"line":26,"tag":""},{"description":"USD","boundingPoly":{"vertices":[{"x":572.73,"y":637.47},{"x":588.98,"y":637.47},{"x":588.98,"y":648.29},{"x":572.73,"y":648.29}]},"line":26,"tag":""},{"description":" ","boundingPoly":{"vertices":[{"x":0.0,"y":0.0},{"x":0.0,"y":0.0},{"x":0.0,"y":0.0},{"x":0.0,"y":0.0}]},"line":-1,"tag":""},{"description":"Please","boundingPoly":{"vertices":[{"x":18.0,"y":668.82},{"x":43.87,"y":668.82},{"x":43.87,"y":679.97},{"x":18.0,"y":679.97}]},"line":27,"tag":""},{"description":"send","boundingPoly":{"vertices":[{"x":45.69,"y":668.82},{"x":64.98,"y":668.82},{"x":64.98,"y":679.97},{"x":45.69,"y":679.97}]},"line":27,"tag":""},{"description":"your","boundingPoly":{"vertices":[{"x":66.8,"y":668.82},{"x":85.37,"y":668.82},{"x":85.37,"y":679.97},{"x":66.8,"y":679.97}]},"line":27,"tag":""},{"description":"remittance","boundingPoly":{"vertices":[{"x":87.18,"y":668.82},{"x":131.01,"y":668.82},{"x":131.01,"y":679.97},{"x":87.18,"y":679.97}]},"line":27,"tag":""},{"description":"advices","boundingPoly":{"vertices":[{"x":132.82,"y":668.82},{"x":162.89,"y":668.82},{"x":162.89,"y":679.97},{"x":132.82,"y":679.97}]},"line":27,"tag":""},{"description":"to","boundingPoly":{"vertices":[{"x":164.71,"y":668.82},{"x":173.21,"y":668.82},{"x":173.21,"y":679.97},{"x":164.71,"y":679.97}]},"line":27,"tag":""},{"description":"remittances@illumina.com","boundingPoly":{"vertices":[{"x":175.02,"y":668.82},{"x":281.91,"y":668.82},{"x":281.91,"y":679.97},{"x":175.02,"y":679.97}]},"line":27,"tag":""},{"description":"WIRE","boundingPoly":{"vertices":[{"x":18.57,"y":683.02},{"x":39.27,"y":683.02},{"x":39.27,"y":694.17},{"x":18.57,"y":694.17}]},"line":28,"tag":""},{"description":"TRANSFER","boundingPoly":{"vertices":[{"x":41.08,"y":683.02},{"x":83.21,"y":683.02},{"x":83.21,"y":694.17},{"x":41.08,"y":694.17}]},"line":28,"tag":""},{"description":"INFO:","boundingPoly":{"vertices":[{"x":85.03,"y":683.02},{"x":107.34,"y":683.02},{"x":107.34,"y":694.17},{"x":85.03,"y":694.17}]},"line":28,"tag":""},{"description":"Account","boundingPoly":{"vertices":[{"x":118.26,"y":681.51},{"x":149.71,"y":681.51},{"x":149.71,"y":692.33},{"x":118.26,"y":692.33}]},"line":28,"tag":""},{"description":"Number:","boundingPoly":{"vertices":[{"x":151.62,"y":681.51},{"x":184.44,"y":681.51},{"x":184.44,"y":692.33},{"x":151.62,"y":692.33}]},"line":28,"tag":""},{"description":"1450509181","boundingPoly":{"vertices":[{"x":214.64,"y":681.51},{"x":260.81,"y":681.51},{"x":260.81,"y":692.33},{"x":214.64,"y":692.33}]},"line":28,"tag":""},{"description":"Name","boundingPoly":{"vertices":[{"x":118.49,"y":691.47},{"x":140.76,"y":691.47},{"x":140.76,"y":702.29},{"x":118.49,"y":702.29}]},"line":29,"tag":""},{"description":"of","boundingPoly":{"vertices":[{"x":142.67,"y":691.47},{"x":150.24,"y":691.47},{"x":150.24,"y":702.29},{"x":142.67,"y":702.29}]},"line":29,"tag":""},{"description":"the","boundingPoly":{"vertices":[{"x":152.15,"y":691.47},{"x":164.63,"y":691.47},{"x":164.63,"y":702.29},{"x":152.15,"y":702.29}]},"line":29,"tag":""},{"description":"Account:","boundingPoly":{"vertices":[{"x":166.54,"y":691.47},{"x":199.85,"y":691.47},{"x":199.85,"y":702.29},{"x":166.54,"y":702.29}]},"line":29,"tag":""},{"description":"Illumina,","boundingPoly":{"vertices":[{"x":215.29,"y":691.47},{"x":247.46,"y":691.47},{"x":247.46,"y":702.29},{"x":215.29,"y":702.29}]},"line":29,"tag":""},{"description":"Inc.","boundingPoly":{"vertices":[{"x":249.37,"y":691.47},{"x":262.41,"y":691.47},{"x":262.41,"y":702.29},{"x":249.37,"y":702.29}]},"line":29,"tag":""},{"description":"Routing","boundingPoly":{"vertices":[{"x":118.26,"y":700.83},{"x":148.11,"y":700.83},{"x":148.11,"y":711.65},{"x":118.26,"y":711.65}]},"line":30,"tag":""},{"description":"Number:","boundingPoly":{"vertices":[{"x":150.02,"y":700.83},{"x":182.85,"y":700.83},{"x":182.85,"y":711.65},{"x":150.02,"y":711.65}]},"line":30,"tag":""},{"description":"026009593","boundingPoly":{"vertices":[{"x":214.64,"y":700.83},{"x":256.19,"y":700.83},{"x":256.19,"y":711.65},{"x":214.64,"y":711.65}]},"line":30,"tag":""},{"description":"Swift:","boundingPoly":{"vertices":[{"x":118.26,"y":710.19},{"x":138.9,"y":710.19},{"x":138.9,"y":721.01},{"x":118.26,"y":721.01}]},"line":31,"tag":""},{"description":"BOFAUS3NXXX","boundingPoly":{"vertices":[{"x":214.64,"y":710.19},{"x":271.83,"y":710.19},{"x":271.83,"y":721.01},{"x":214.64,"y":721.01}]},"line":31,"tag":""},{"description":"ACH","boundingPoly":{"vertices":[{"x":118.26,"y":719.55},{"x":134.86,"y":719.55},{"x":134.86,"y":730.37},{"x":118.26,"y":730.37}]},"line":32,"tag":""},{"description":"Routing","boundingPoly":{"vertices":[{"x":136.76,"y":719.55},{"x":166.62,"y":719.55},{"x":166.62,"y":730.37},{"x":136.76,"y":730.37}]},"line":32,"tag":""},{"description":"Number:","boundingPoly":{"vertices":[{"x":168.53,"y":719.55},{"x":201.35,"y":719.55},{"x":201.35,"y":730.37},{"x":168.53,"y":730.37}]},"line":32,"tag":""},{"description":"121000358","boundingPoly":{"vertices":[{"x":214.64,"y":719.55},{"x":256.19,"y":719.55},{"x":256.19,"y":730.37},{"x":214.64,"y":730.37}]},"line":32,"tag":""},{"description":"For","boundingPoly":{"vertices":[{"x":379.5,"y":692.17},{"x":391.77,"y":692.17},{"x":391.77,"y":702.99},{"x":379.5,"y":702.99}]},"line":29,"tag":""},{"description":"Order","boundingPoly":{"vertices":[{"x":393.68,"y":692.17},{"x":415.35,"y":692.17},{"x":415.35,"y":702.99},{"x":393.68,"y":702.99}]},"line":29,"tag":""},{"description":"queries","boundingPoly":{"vertices":[{"x":417.26,"y":692.17},{"x":444.92,"y":692.17},{"x":444.92,"y":702.99},{"x":417.26,"y":702.99}]},"line":29,"tag":""},{"description":"contact","boundingPoly":{"vertices":[{"x":446.82,"y":692.17},{"x":475.12,"y":692.17},{"x":475.12,"y":702.99},{"x":446.82,"y":702.99}]},"line":29,"tag":""},{"description":"Customer","boundingPoly":{"vertices":[{"x":477.03,"y":692.17},{"x":513.65,"y":692.17},{"x":513.65,"y":702.99},{"x":477.03,"y":702.99}]},"line":29,"tag":""},{"description":"Service:","boundingPoly":{"vertices":[{"x":515.56,"y":692.17},{"x":544.28,"y":692.17},{"x":544.28,"y":702.99},{"x":515.56,"y":702.99}]},"line":29,"tag":""},{"description":"Email:","boundingPoly":{"vertices":[{"x":379.84,"y":703.76},{"x":402.21,"y":703.76},{"x":402.21,"y":714.58},{"x":379.84,"y":714.58}]},"line":30,"tag":""},{"description":"customerservice@illumina.com","boundingPoly":{"vertices":[{"x":404.12,"y":703.76},{"x":520.77,"y":703.76},{"x":520.77,"y":714.58},{"x":404.12,"y":714.58}]},"line":30,"tag":""},{"description":"For","boundingPoly":{"vertices":[{"x":379.84,"y":728.82},{"x":392.11,"y":728.82},{"x":392.11,"y":739.64},{"x":379.84,"y":739.64}]},"line":33,"tag":""},{"description":"Invoice","boundingPoly":{"vertices":[{"x":394.02,"y":728.82},{"x":421.08,"y":728.82},{"x":421.08,"y":739.64},{"x":394.02,"y":739.64}]},"line":33,"tag":""},{"description":"and","boundingPoly":{"vertices":[{"x":422.99,"y":728.82},{"x":437.4,"y":728.82},{"x":437.4,"y":739.64},{"x":422.99,"y":739.64}]},"line":33,"tag":""},{"description":"payment","boundingPoly":{"vertices":[{"x":439.31,"y":728.82},{"x":472.99,"y":728.82},{"x":472.99,"y":739.64},{"x":439.31,"y":739.64}]},"line":33,"tag":""},{"description":"queries","boundingPoly":{"vertices":[{"x":474.9,"y":728.82},{"x":502.56,"y":728.82},{"x":502.56,"y":739.64},{"x":474.9,"y":739.64}]},"line":33,"tag":""},{"description":"contact","boundingPoly":{"vertices":[{"x":504.47,"y":728.82},{"x":532.76,"y":728.82},{"x":532.76,"y":739.64},{"x":504.47,"y":739.64}]},"line":33,"tag":""},{"description":"Accounts","boundingPoly":{"vertices":[{"x":534.67,"y":728.82},{"x":569.68,"y":728.82},{"x":569.68,"y":739.64},{"x":534.67,"y":739.64}]},"line":33,"tag":""},{"description":"Receivable","boundingPoly":{"vertices":[{"x":379.84,"y":739.62},{"x":420.26,"y":739.62},{"x":420.26,"y":750.44},{"x":379.84,"y":750.44}]},"line":34,"tag":""},{"description":"at","boundingPoly":{"vertices":[{"x":422.17,"y":739.62},{"x":429.49,"y":739.62},{"x":429.49,"y":750.44},{"x":422.17,"y":750.44}]},"line":34,"tag":""},{"description":"sbailey2@illumina.com","boundingPoly":{"vertices":[{"x":431.39,"y":739.62},{"x":517.25,"y":739.62},{"x":517.25,"y":750.44},{"x":431.39,"y":750.44}]},"line":34,"tag":""},{"description":"or","boundingPoly":{"vertices":[{"x":519.15,"y":739.62},{"x":527.04,"y":739.62},{"x":527.04,"y":750.44},{"x":519.15,"y":750.44}]},"line":34,"tag":""},{"description":"call","boundingPoly":{"vertices":[{"x":528.95,"y":739.62},{"x":541.56,"y":739.62},{"x":541.56,"y":750.44},{"x":528.95,"y":750.44}]},"line":34,"tag":""},{"description":"858-882-2125","boundingPoly":{"vertices":[{"x":543.47,"y":739.62},{"x":595.17,"y":739.62},{"x":595.17,"y":750.44},{"x":543.47,"y":750.44}]},"line":34,"tag":""}]}]}